{
	"Metadata":
	{
		"Name": "Someone & Knux's Styled Chars (Palette)",
		"UniqueID": "eror-pal",
		"Author": "Someone & Knuckles",
		"Description": "Use It If The Palettes Look Wrong (Or Use It When The Main Mod Is Deactivated For Fun)",
		"ModVersion": "1.0"
	},
	"OtherMods":
	{
		"t-blue-n-orange":
		{
			"DisplayName": "Someone & Knux's Styled Chars",
			"IsRequired": "0",
			"Priority": "Lower"
		},
		"ExtraSuperFormsBaseMod":
		{
			"DisplayName": "Extra Super Forms",
			"IsRequired": "0",
			"Priority": "lower"
	    	},
	}
}

