{
	// Sonic & Tails Life Hud

	"hud_lives_icon_sonic":    { "File": "hud_classicheroes.png", "Rect": "0,0,48,24" , "Center": "0,8" },
	"hud_lives_icon_tails":    { "File": "hud_classicheroes.png", "Rect": "0,25,48,24" , "Center": "0,8" },
	"hud_lives_icon_miles":    { "File": "hud_classicheroes.png", "Rect": "0,25,48,24" , "Center": "0,8" },
	"encore_icon_sonic":  { "File": "hud_classicheroes.png", "Rect": "25,25,16,16", "Center": "0,0" },
	"encore_icon_tails":  { "File": "hud_classicheroes.png", "Rect": "25,0,16,16", "Center": "0,0" },

}