{
	//Frame 1
	"monitor_icon_ring-00":  { "File": "Animated Monitor Icons.png", "Rect": "0,0,16,16", "Center": "8,8" },
	"monitor_icon_speedshoes-00":  { "File": "Animated Monitor Icons.png", "Rect": "0,17,16,16", "Center": "8,8" },
	"monitor_sonic_shoe-00":  { "File": "Animated Monitor Icons.png", "Rect": "0,17,16,16", "Center": "8,8" },
	"monitor_tails_shoe-00":  { "File": "Animated Monitor Icons.png", "Rect": "0,153,16,16", "Center": "8,8" },
	"monitor_knuckles_shoe-00":  { "File": "Animated Monitor Icons.png", "Rect": "0,170,16,16", "Center": "8,8" },
	"monitor_icon_invincibility-00":  { "File": "Animated Monitor Icons.png", "Rect": "0,34,16,16", "Center": "8,8" },
	"monitor_icon_super-00":  { "File": "Animated Monitor Icons.png", "Rect": "0,51,16,16", "Center": "8,8" },
	"monitor_icon_lightningshield-00":  { "File": "Animated Monitor Icons.png", "Rect": "0,68,16,16", "Center": "8,8" },
	"monitor_icon_fireshield-00":  { "File": "Animated Monitor Icons.png", "Rect": "0,85,16,16", "Center": "8,8" },
	"monitor_icon_bubbleshield-00":  { "File": "Animated Monitor Icons.png", "Rect": "0,102,16,16", "Center": "8,8" },
	"monitor_icon_classicshield-00":  { "File": "Animated Monitor Icons.png", "Rect": "0,119,16,16", "Center": "8,8" },
	"monitor_icon_robotnik-00":  { "File": "Animated Monitor Icons.png", "Rect": "0,408,16,16", "Center": "8,8" },
	"monitor_icon_eggman-00":  { "File": "Animated Monitor Icons.png", "Rect": "0,136,16,16", "Center": "8,8" },
	"monitor_icon_multi_ring-00":  { "File": "Animated Monitor Icons.png", "Rect": "0,204,16,16", "Center": "8,8" },
	"monitor_icon_grey_sneakers-00":  { "File": "Animated Monitor Icons.png", "Rect": "0,221,16,16", "Center": "8,8" },
	"monitor_icon_gold_shield-00":  { "File": "Animated Monitor Icons.png", "Rect": "0,255,16,16", "Center": "8,8" },
	"monitor_icon_ice_shield-00":  { "File": "Animated Monitor Icons.png", "Rect": "0,238,16,16", "Center": "8,8" },
	"monitor_icon_goggles-00":  { "File": "Animated Monitor Icons.png", "Rect": "0,272,16,16", "Center": "8,8" },
	"monitor_icon_wind_shield-00":  { "File": "Animated Monitor Icons.png", "Rect": "0,289,16,16", "Center": "8,8" },
	"monitor_icon_orbinaut_shield-00":  { "File": "Animated Monitor Icons.png", "Rect": "0,306,16,16", "Center": "8,8" },
	"monitor_icon_random-00":  { "File": "Animated Monitor Icons.png", "Rect": "0,323,16,16", "Center": "8,8" },
	"monitor_icon_random_ring-00":  { "File": "Animated Monitor Icons.png", "Rect": "0,340,16,16", "Center": "8,8" },
	"monitor_icon_hyper_ring-00":  { "File": "Animated Monitor Icons.png", "Rect": "0,187,16,16", "Center": "8,8" },
	"monitor_icon_eggrobo-00":  { "File": "Animated Monitor Icons.png", "Rect": "0,442,16,16", "Center": "8,8" },
	"monitor_icon_stone-00":  { "File": "Animated Monitor Icons.png", "Rect": "0,425,16,16", "Center": "8,8" },
	"monitor_icon_sonic-00":  { "File": "Animated Monitor Icons.png", "Rect": "0,357,16,16", "Center": "8,8" },
	"monitor_icon_tails-00":  { "File": "Animated Monitor Icons.png", "Rect": "0,374,16,16", "Center": "8,8" },
	"monitor_icon_knuckles-00":  { "File": "Animated Monitor Icons.png", "Rect": "0,391,16,16", "Center": "8,8" },
	"monitor_icon_super_sonic-00":  { "File": "Animated Monitor Icons.png", "Rect": "0,459,16,16", "Center": "8,8" },
	"monitor_icon_super_tails-00":  { "File": "Animated Monitor Icons.png", "Rect": "0,476,16,16", "Center": "8,8" },
	"monitor_icon_super_knuckles-00":  { "File": "Animated Monitor Icons.png", "Rect": "0,493,16,16", "Center": "8,8" },
	"monitor_icon_em_surprise-00":  { "File": "Animated Monitor Icons.png", "Rect": "0,510,16,16", "Center": "8,8" },
	//Frame2
	"monitor_icon_ring-01":  { "File": "Animated Monitor Icons.png", "Rect": "17,0,16,16", "Center": "8,8" },
	"monitor_icon_speedshoes-01":  { "File": "Animated Monitor Icons.png", "Rect": "17,17,16,16", "Center": "8,8" },
	"monitor_sonic_shoe-01":  { "File": "Animated Monitor Icons.png", "Rect": "17,17,16,16", "Center": "8,8" },
	"monitor_tails_shoe-01":  { "File": "Animated Monitor Icons.png", "Rect": "17,153,16,16", "Center": "8,8" },
	"monitor_knuckles_shoe-01":  { "File": "Animated Monitor Icons.png", "Rect": "17,170,16,16", "Center": "8,8" },
	"monitor_icon_invincibility-01":  { "File": "Animated Monitor Icons.png", "Rect": "17,34,16,16", "Center": "8,8" },
	"monitor_icon_super-01":  { "File": "Animated Monitor Icons.png", "Rect": "17,51,16,16", "Center": "8,8" },
	"monitor_icon_lightningshield-01":  { "File": "Animated Monitor Icons.png", "Rect": "17,68,16,16", "Center": "8,8" },
	"monitor_icon_fireshield-01":  { "File": "Animated Monitor Icons.png", "Rect": "17,85,16,16", "Center": "8,8" },
	"monitor_icon_bubbleshield-01":  { "File": "Animated Monitor Icons.png", "Rect": "17,102,16,16", "Center": "8,8" },
	"monitor_icon_classicshield-01":  { "File": "Animated Monitor Icons.png", "Rect": "17,119,16,16", "Center": "8,8" },
	"monitor_icon_robotnik-01":  { "File": "Animated Monitor Icons.png", "Rect": "17,408,16,16", "Center": "8,8" },
	"monitor_icon_eggman-01":  { "File": "Animated Monitor Icons.png", "Rect": "17,136,16,16", "Center": "8,8" },
	"monitor_icon_multi_ring-01":  { "File": "Animated Monitor Icons.png", "Rect": "17,204,16,16", "Center": "8,8" },
	"monitor_icon_grey_sneakers-01":  { "File": "Animated Monitor Icons.png", "Rect": "17,221,16,16", "Center": "8,8" },
	"monitor_icon_gold_shield-01":  { "File": "Animated Monitor Icons.png", "Rect": "17,255,16,16", "Center": "8,8" },
	"monitor_icon_ice_shield-01":  { "File": "Animated Monitor Icons.png", "Rect": "17,238,16,16", "Center": "8,8" },
	"monitor_icon_goggles-01":  { "File": "Animated Monitor Icons.png", "Rect": "17,272,16,16", "Center": "8,8" },
	"monitor_icon_wind_shield-01":  { "File": "Animated Monitor Icons.png", "Rect": "17,289,16,16", "Center": "8,8" },
	"monitor_icon_orbinaut_shield-01":  { "File": "Animated Monitor Icons.png", "Rect": "17,306,16,16", "Center": "8,8" },
	"monitor_icon_random-01":  { "File": "Animated Monitor Icons.png", "Rect": "17,323,16,16", "Center": "8,8" },
	"monitor_icon_random_ring-01":  { "File": "Animated Monitor Icons.png", "Rect": "17,340,16,16", "Center": "8,8" },
	"monitor_icon_hyper_ring-01":  { "File": "Animated Monitor Icons.png", "Rect": "17,187,16,16", "Center": "8,8" },
	"monitor_icon_eggrobo-01":  { "File": "Animated Monitor Icons.png", "Rect": "17,442,16,16", "Center": "8,8" },
	"monitor_icon_stone-01":  { "File": "Animated Monitor Icons.png", "Rect": "17,425,16,16", "Center": "8,8" },
	"monitor_icon_sonic-01":  { "File": "Animated Monitor Icons.png", "Rect": "17,357,16,16", "Center": "8,8" },
	"monitor_icon_tails-01":  { "File": "Animated Monitor Icons.png", "Rect": "17,374,16,16", "Center": "8,8" },
	"monitor_icon_knuckles-01":  { "File": "Animated Monitor Icons.png", "Rect": "17,391,16,16", "Center": "8,8" },
	"monitor_icon_super_sonic-01":  { "File": "Animated Monitor Icons.png", "Rect": "17,459,16,16", "Center": "8,8" },
	"monitor_icon_super_tails-01":  { "File": "Animated Monitor Icons.png", "Rect": "17,476,16,16", "Center": "8,8" },
	"monitor_icon_super_knuckles-01":  { "File": "Animated Monitor Icons.png", "Rect": "17,493,16,16", "Center": "8,8" },
	"monitor_icon_em_surprise-01":  { "File": "Animated Monitor Icons.png", "Rect": "17,510,16,16", "Center": "8,8" },
	//Frame3
	"monitor_icon_ring-02":  { "File": "Animated Monitor Icons.png", "Rect": "34,0,16,16", "Center": "8,8" },
	"monitor_icon_speedshoes-02":  { "File": "Animated Monitor Icons.png", "Rect": "34,17,16,16", "Center": "8,8" },
	"monitor_sonic_shoe-02":  { "File": "Animated Monitor Icons.png", "Rect": "34,17,16,16", "Center": "8,8" },
	"monitor_tails_shoe-02":  { "File": "Animated Monitor Icons.png", "Rect": "34,153,16,16", "Center": "8,8" },
	"monitor_knuckles_shoe-02":  { "File": "Animated Monitor Icons.png", "Rect": "34,170,16,16", "Center": "8,8" },
	"monitor_icon_invincibility-02":  { "File": "Animated Monitor Icons.png", "Rect": "34,34,16,16", "Center": "8,8" },
	"monitor_icon_super-02":  { "File": "Animated Monitor Icons.png", "Rect": "34,51,16,16", "Center": "8,8" },
	"monitor_icon_lightningshield-02":  { "File": "Animated Monitor Icons.png", "Rect": "34,68,16,16", "Center": "8,8" },
	"monitor_icon_fireshield-02":  { "File": "Animated Monitor Icons.png", "Rect": "34,85,16,16", "Center": "8,8" },
	"monitor_icon_bubbleshield-02":  { "File": "Animated Monitor Icons.png", "Rect": "34,102,16,16", "Center": "8,8" },
	"monitor_icon_classicshield-02":  { "File": "Animated Monitor Icons.png", "Rect": "34,119,16,16", "Center": "8,8" },
	"monitor_icon_robotnik-02":  { "File": "Animated Monitor Icons.png", "Rect": "34,408,16,16", "Center": "8,8" },
	"monitor_icon_eggman-02":  { "File": "Animated Monitor Icons.png", "Rect": "34,136,16,16", "Center": "8,8" },
	"monitor_icon_multi_ring-02":  { "File": "Animated Monitor Icons.png", "Rect": "34,204,16,16", "Center": "8,8" },
	"monitor_icon_grey_sneakers-02":  { "File": "Animated Monitor Icons.png", "Rect": "34,221,16,16", "Center": "8,8" },
	"monitor_icon_gold_shield-02":  { "File": "Animated Monitor Icons.png", "Rect": "34,255,16,16", "Center": "8,8" },
	"monitor_icon_ice_shield-02":  { "File": "Animated Monitor Icons.png", "Rect": "34,238,16,16", "Center": "8,8" },
	"monitor_icon_goggles-02":  { "File": "Animated Monitor Icons.png", "Rect": "34,272,16,16", "Center": "8,8" },
	"monitor_icon_wind_shield-02":  { "File": "Animated Monitor Icons.png", "Rect": "34,289,16,16", "Center": "8,8" },
	"monitor_icon_orbinaut_shield-02":  { "File": "Animated Monitor Icons.png", "Rect": "34,306,16,16", "Center": "8,8" },
	"monitor_icon_random-02":  { "File": "Animated Monitor Icons.png", "Rect": "34,323,16,16", "Center": "8,8" },
	"monitor_icon_random_ring-02":  { "File": "Animated Monitor Icons.png", "Rect": "34,340,16,16", "Center": "8,8" },
	"monitor_icon_hyper_ring-02":  { "File": "Animated Monitor Icons.png", "Rect": "34,187,16,16", "Center": "8,8" },
	"monitor_icon_eggrobo-02":  { "File": "Animated Monitor Icons.png", "Rect": "34,442,16,16", "Center": "8,8" },
	"monitor_icon_stone-02":  { "File": "Animated Monitor Icons.png", "Rect": "34,425,16,16", "Center": "8,8" },
	"monitor_icon_sonic-02":  { "File": "Animated Monitor Icons.png", "Rect": "34,357,16,16", "Center": "8,8" },
	"monitor_icon_tails-02":  { "File": "Animated Monitor Icons.png", "Rect": "34,374,16,16", "Center": "8,8" },
	"monitor_icon_knuckles-02":  { "File": "Animated Monitor Icons.png", "Rect": "34,391,16,16", "Center": "8,8" },
	"monitor_icon_super_sonic-02":  { "File": "Animated Monitor Icons.png", "Rect": "34,459,16,16", "Center": "8,8" },
	"monitor_icon_super_tails-02":  { "File": "Animated Monitor Icons.png", "Rect": "34,476,16,16", "Center": "8,8" },
	"monitor_icon_super_knuckles-02":  { "File": "Animated Monitor Icons.png", "Rect": "34,493,16,16", "Center": "8,8" },
	"monitor_icon_em_surprise-02":  { "File": "Animated Monitor Icons.png", "Rect": "34,510,16,16", "Center": "8,8" },
	//Frame4
	"monitor_icon_ring-03":  { "File": "Animated Monitor Icons.png", "Rect": "51,0,16,16", "Center": "8,8" },
	"monitor_icon_speedshoes-03":  { "File": "Animated Monitor Icons.png", "Rect": "51,17,16,16", "Center": "8,8" },
	"monitor_sonic_shoe-03":  { "File": "Animated Monitor Icons.png", "Rect": "51,17,16,16", "Center": "8,8" },
	"monitor_tails_shoe-03":  { "File": "Animated Monitor Icons.png", "Rect": "51,153,16,16", "Center": "8,8" },
	"monitor_knuckles_shoe-03":  { "File": "Animated Monitor Icons.png", "Rect": "51,170,16,16", "Center": "8,8" },
	"monitor_icon_invincibility-03":  { "File": "Animated Monitor Icons.png", "Rect": "51,34,16,16", "Center": "8,8" },
	"monitor_icon_super-03":  { "File": "Animated Monitor Icons.png", "Rect": "51,51,16,16", "Center": "8,8" },
	"monitor_icon_lightningshield-03":  { "File": "Animated Monitor Icons.png", "Rect": "51,68,16,16", "Center": "8,8" },
	"monitor_icon_fireshield-03":  { "File": "Animated Monitor Icons.png", "Rect": "51,85,16,16", "Center": "8,8" },
	"monitor_icon_bubbleshield-03":  { "File": "Animated Monitor Icons.png", "Rect": "51,102,16,16", "Center": "8,8" },
	"monitor_icon_classicshield-03":  { "File": "Animated Monitor Icons.png", "Rect": "51,119,16,16", "Center": "8,8" },
	"monitor_icon_robotnik-03":  { "File": "Animated Monitor Icons.png", "Rect": "51,408,16,16", "Center": "8,8" },
	"monitor_icon_eggman-03":  { "File": "Animated Monitor Icons.png", "Rect": "51,136,16,16", "Center": "8,8" },
	"monitor_icon_multi_ring-03":  { "File": "Animated Monitor Icons.png", "Rect": "51,204,16,16", "Center": "8,8" },
	"monitor_icon_grey_sneakers-03":  { "File": "Animated Monitor Icons.png", "Rect": "51,221,16,16", "Center": "8,8" },
	"monitor_icon_gold_shield-03":  { "File": "Animated Monitor Icons.png", "Rect": "51,255,16,16", "Center": "8,8" },
	"monitor_icon_ice_shield-03":  { "File": "Animated Monitor Icons.png", "Rect": "51,238,16,16", "Center": "8,8" },
	"monitor_icon_goggles-03":  { "File": "Animated Monitor Icons.png", "Rect": "51,272,16,16", "Center": "8,8" },
	"monitor_icon_wind_shield-03":  { "File": "Animated Monitor Icons.png", "Rect": "51,289,16,16", "Center": "8,8" },
	"monitor_icon_orbinaut_shield-03":  { "File": "Animated Monitor Icons.png", "Rect": "51,306,16,16", "Center": "8,8" },
	"monitor_icon_random-03":  { "File": "Animated Monitor Icons.png", "Rect": "51,323,16,16", "Center": "8,8" },
	"monitor_icon_random_ring-03":  { "File": "Animated Monitor Icons.png", "Rect": "51,340,16,16", "Center": "8,8" },
	"monitor_icon_hyper_ring-03":  { "File": "Animated Monitor Icons.png", "Rect": "51,187,16,16", "Center": "8,8" },
	"monitor_icon_eggrobo-03":  { "File": "Animated Monitor Icons.png", "Rect": "51,442,16,16", "Center": "8,8" },
	"monitor_icon_stone-03":  { "File": "Animated Monitor Icons.png", "Rect": "51,425,16,16", "Center": "8,8" },
	"monitor_icon_sonic-03":  { "File": "Animated Monitor Icons.png", "Rect": "51,357,16,16", "Center": "8,8" },
	"monitor_icon_tails-03":  { "File": "Animated Monitor Icons.png", "Rect": "51,374,16,16", "Center": "8,8" },
	"monitor_icon_knuckles-03":  { "File": "Animated Monitor Icons.png", "Rect": "51,391,16,16", "Center": "8,8" },
	"monitor_icon_super_sonic-03":  { "File": "Animated Monitor Icons.png", "Rect": "51,459,16,16", "Center": "8,8" },
	"monitor_icon_super_tails-03":  { "File": "Animated Monitor Icons.png", "Rect": "51,476,16,16", "Center": "8,8" },
	"monitor_icon_super_knuckles-03":  { "File": "Animated Monitor Icons.png", "Rect": "51,493,16,16", "Center": "8,8" },
	"monitor_icon_em_surprise-03":  { "File": "Animated Monitor Icons.png", "Rect": "51,510,16,16", "Center": "8,8" },
}