{
	"character_sonic_0x01":  { "File": "character_sonic2.bmp", "Rect": "933,10,48,48", "Center": "23,28" },
	"character_sonic_0x02":  { "File": "character_sonic2.bmp", "Rect": "982,10,48,48", "Center": "23,28" },
	"character_sonic_0x03":  { "File": "character_sonic2.bmp", "Rect": "639,10,48,48", "Center": "23,28" },
	"character_sonic_0x04":  { "File": "character_sonic2.bmp", "Rect": "688,10,48,48", "Center": "23,28" },
	"character_sonic_0x05":  { "File": "character_sonic2.bmp", "Rect": "737,10,48,48", "Center": "23,28" },
	"character_sonic_0x06":  { "File": "character_sonic2.bmp", "Rect": "786,10,48,48", "Center": "23,28" },
	"character_sonic_0x07":  { "File": "character_sonic2.bmp", "Rect": "835,10,48,48", "Center": "23,28" },
	"character_sonic_0x08":  { "File": "character_sonic2.bmp", "Rect": "884,10,48,48", "Center": "23,28" },
	"character_sonic_0x21":  { "File": "character_sonic2.bmp", "Rect": "1032,10,48,48", "Center": "23,28" },
	"character_sonic_0x22":  { "File": "character_sonic2.bmp", "Rect": "1081,10,48,48", "Center": "23,28" },
	"character_sonic_0x23":  { "File": "character_sonic2.bmp", "Rect": "1130,10,48,48", "Center": "23,28" },
	"character_sonic_0x24":  { "File": "character_sonic2.bmp", "Rect": "1179,10,48,48", "Center": "23,28" },
	"sonic_peelout_0":  { "File": "character_sonic2.bmp", "Rect": "1229,10,48,48", "Center": "23,28" },
	"sonic_peelout_1":  { "File": "character_sonic2.bmp", "Rect": "1278,10,48,48", "Center": "23,28" },
	"sonic_peelout_2":  { "File": "character_sonic2.bmp", "Rect": "1327,10,48,48", "Center": "23,28" },
	"sonic_peelout_3":  { "File": "character_sonic2.bmp", "Rect": "1376,10,48,48", "Center": "23,28" },
	"character_sonic_0x31":  { "File": "character_sonic2.bmp", "Rect": "0,126,54,48", "Center": "28,28" },
	"character_sonic_0x32":  { "File": "character_sonic2.bmp", "Rect": "55,126,54,48", "Center": "27,30" },
	"character_sonic_0x33":  { "File": "character_sonic2.bmp", "Rect": "110,126,54,48", "Center": "28,30" },
	"character_sonic_0x34":  { "File": "character_sonic2.bmp", "Rect": "165,126,54,48", "Center": "28,32" },
	"character_sonic_0x35":  { "File": "character_sonic2.bmp", "Rect": "220,126,54,48", "Center": "26,36" },
	"character_sonic_0x36":  { "File": "character_sonic2.bmp", "Rect": "275,126,54,48", "Center": "26,34" },
	"character_sonic_0x37":  { "File": "character_sonic2.bmp", "Rect": "330,126,54,48", "Center": "26,30" },
	"character_sonic_0x38":  { "File": "character_sonic2.bmp", "Rect": "385,126,54,48", "Center": "28,31" },
	"character_sonic_0x39":  { "File": "character_sonic2.bmp", "Rect": "440,126,54,48", "Center": "26,31" },
	"character_sonic_0x3a":  { "File": "character_sonic2.bmp", "Rect": "495,126,54,48", "Center": "28,31" },
	"character_sonic_0x3b":  { "File": "character_sonic2.bmp", "Rect": "550,126,54,48", "Center": "26,27" },
	"character_sonic_0x3c":  { "File": "character_sonic2.bmp", "Rect": "605,126,54,48", "Center": "25,27" },
	"character_sonic_0x3d":  { "File": "character_sonic2.bmp", "Rect": "660,126,54,48", "Center": "27,25" },
	"character_sonic_0x3e":  { "File": "character_sonic2.bmp", "Rect": "715,126,54,48", "Center": "27,23" },
	"character_sonic_0x3f":  { "File": "character_sonic2.bmp", "Rect": "770,126,54,48", "Center": "28,24" },
	"character_sonic_0x40":  { "File": "character_sonic2.bmp", "Rect": "825,126,54,48", "Center": "25,28" },
	"character_sonic_0x41":  { "File": "character_sonic2.bmp", "Rect": "880,126,54,48", "Center": "26,25" },
	"character_sonic_0x42":  { "File": "character_sonic2.bmp", "Rect": "935,126,54,48", "Center": "26,28" },
	"character_sonic_0x43":  { "File": "character_sonic2.bmp", "Rect": "990,126,54,48", "Center": "26,28" },
	"character_sonic_0x44":  { "File": "character_sonic2.bmp", "Rect": "1045,126,54,48", "Center": "28,27" },
	"character_sonic_0x45":  { "File": "character_sonic2.bmp", "Rect": "1100,126,54,48", "Center": "27,27" },
	"character_sonic_0x46":  { "File": "character_sonic2.bmp", "Rect": "1155,126,54,48", "Center": "26,22" },
	"character_sonic_0x47":  { "File": "character_sonic2.bmp", "Rect": "1210,126,54,48", "Center": "26,24" },
	"character_sonic_0x48":  { "File": "character_sonic2.bmp", "Rect": "1265,126,54,48", "Center": "25,26" },
	"character_sonic_0x49":  { "File": "character_sonic.bmp", "Rect": "456,232,40,40", "Center": "20,24" },
	"character_sonic_0x4a":  { "File": "character_sonic.bmp", "Rect": "516,228,32,48", "Center": "14,22" },
	"character_sonic_0x4b":  { "File": "character_sonic.bmp", "Rect": "572,236,32,32", "Center": "16,21" },
	"character_sonic_0x4c":  { "File": "character_sonic.bmp", "Rect": "628,236,32,32", "Center": "13,15" },
	"character_sonic_0x4d":  { "File": "character_sonic.bmp", "Rect": "684,236,32,32", "Center": "13,18" },
	"character_sonic_0x4e":  { "File": "character_sonic.bmp", "Rect": "740,236,32,32", "Center": "18,14" },
	"character_sonic_0x4f":  { "File": "character_sonic.bmp", "Rect": "792,232,40,40", "Center": "22,22" },
	"character_sonic_0x50":  { "File": "character_sonic.bmp", "Rect": "848,232,40,40", "Center": "21,20" },
	"character_sonic_0x51":  { "File": "character_sonic.bmp", "Rect": "12,292,32,32", "Center": "17,19" },
	"character_sonic_0x52":  { "File": "character_sonic.bmp", "Rect": "68,292,32,32", "Center": "14,17" },
	"character_sonic_0x53":  { "File": "character_sonic.bmp", "Rect": "120,292,40,32", "Center": "24,19" },
	"character_sonic_0x54":  { "File": "character_sonic.bmp", "Rect": "176,292,40,32", "Center": "17,16" },
	"character_sonic_0x55":  { "File": "character_sonic2.bmp", "Rect": "1490,184,54,48", "Center": "29,28" },
	"character_sonic_0x56":  { "File": "character_sonic2.bmp", "Rect": "1545,184,54,48", "Center": "28,28" },
	"character_sonic_0x57":  { "File": "character_sonic2.bmp", "Rect": "1600,184,54,48", "Center": "28,28" },
	"character_sonic_0x58":  { "File": "character_sonic2.bmp", "Rect": "1655,184,54,48", "Center": "27,28" },
	"character_sonic_0x59":  { "File": "character_sonic2.bmp", "Rect": "1710,184,54,48", "Center": "28,28" },
	"character_sonic_0x5a":  { "File": "character_sonic2.bmp", "Rect": "1765,184,54,48", "Center": "28,28" },
	"character_sonic_0x5b":  { "File": "character_sonic2.bmp", "Rect": "1820,184,52,48", "Center": "28,28" },
	"character_sonic_0x5c":  { "File": "character_sonic.bmp", "Rect": "620,296,48,24", "Center": "20,11" },
	"character_sonic_0x5d":  { "File": "character_sonic.bmp", "Rect": "684,296,32,24", "Center": "4,12" },
	"character_sonic_0x5e":  { "File": "character_sonic.bmp", "Rect": "736,296,40,24", "Center": "30,12" },
	"character_sonic_0x5f":  { "File": "character_sonic.bmp", "Rect": "788,296,48,24", "Center": "27,11" },
	"character_sonic_0x60":  { "File": "character_sonic.bmp", "Rect": "852,296,32,24", "Center": "10,12" },
	"character_sonic_0x61":  { "File": "character_sonic.bmp", "Rect": "8,352,40,24", "Center": "38,12" },
	"character_sonic_0x62":  { "File": "character_sonic.bmp", "Rect": "64,348,40,32", "Center": "20,16" },
	"character_sonic_0x63":  { "File": "character_sonic.bmp", "Rect": "128,340,24,48", "Center": "11,24" },
	"character_sonic_0x64":  { "File": "character_sonic.bmp", "Rect": "184,348,24,32", "Center": "13,15" },
	"character_sonic_0x65":  { "File": "character_sonic.bmp", "Rect": "240,344,24,40", "Center": "12,21" },
	"character_sonic_0x66":  { "File": "character_sonic.bmp", "Rect": "296,340,24,48", "Center": "12,24" },
	"character_sonic_0x67":  { "File": "character_sonic.bmp", "Rect": "352,348,24,32", "Center": "14,16" },
	"character_sonic_0x68":  { "File": "character_sonic.bmp", "Rect": "408,344,24,40", "Center": "14,24" },
	"character_sonic_0x69":  { "File": "character_sonic.bmp", "Rect": "460,344,32,40", "Center": "16,20" },
	"character_sonic_0x6a":  { "File": "character_sonic.bmp", "Rect": "516,344,32,40", "Center": "16,20" },
	"character_sonic_0x6b":  { "File": "character_sonic.bmp", "Rect": "572,348,32,32", "Center": "21,20" },
	"character_sonic_0x6c":  { "File": "character_sonic.bmp", "Rect": "628,348,32,32", "Center": "16,16" },
	"character_sonic_0x6d":  { "File": "character_sonic.bmp", "Rect": "680,348,40,32", "Center": "20,16" },
	"character_sonic_0x6e":  { "File": "character_sonic.bmp", "Rect": "736,348,40,32", "Center": "20,16" },
	"character_sonic_0x6f":  { "File": "character_sonic.bmp", "Rect": "796,348,32,32", "Center": "16,16" },
	"character_sonic_0x70":  { "File": "character_sonic.bmp", "Rect": "852,348,32,32", "Center": "16,16" },
	"character_sonic_0x71":  { "File": "character_sonic.bmp", "Rect": "12,404,32,32", "Center": "16,16" },
	"character_sonic_0x72":  { "File": "character_sonic.bmp", "Rect": "64,404,40,32", "Center": "20,16" },
	"character_sonic_0x73":  { "File": "character_sonic.bmp", "Rect": "120,404,40,32", "Center": "20,16" },
	"character_sonic_0x74":  { "File": "character_sonic.bmp", "Rect": "180,404,32,32", "Center": "16,16" },
	"character_sonic_0x75":  { "File": "character_sonic.bmp", "Rect": "240,404,24,32", "Center": "12,16" },
	"character_sonic_0x76":  { "File": "character_sonic.bmp", "Rect": "292,404,32,32", "Center": "16,16" },
	"character_sonic_0x77":  { "File": "character_sonic.bmp", "Rect": "348,408,32,24", "Center": "16,12" },
	"character_sonic_0x78":  { "File": "character_sonic2.bmp", "Rect": "1844,68,48,48", "Center": "23,25" },
	"character_sonic_0x80":  { "File": "character_sonic2.bmp", "Rect": "0,184,48,50", "Center": "24,24" },
	"character_sonic_0x81":  { "File": "character_sonic2.bmp", "Rect": "49,184,48,50", "Center": "28,24" },
	"character_sonic_0x82":  { "File": "character_sonic2.bmp", "Rect": "98,184,48,50", "Center": "25,24" },
	"character_sonic_0x83":  { "File": "character_sonic2.bmp", "Rect": "147,184,48,50", "Center": "23,24" },
	"character_sonic_0x84":  { "File": "character_sonic2.bmp", "Rect": "196,184,48,50", "Center": "26,24" },
	"character_sonic_0x85":  { "File": "character_sonic2.bmp", "Rect": "245,184,48,50", "Center": "25,24" },
	"character_sonic_0x86":  { "File": "character_sonic2.bmp", "Rect": "99,68,48,48", "Center": "20,28" },
	"character_sonic_0x87":  { "File": "character_sonic2.bmp", "Rect": "197,68,48,48", "Center": "20,28" },
	"character_sonic_0x88":  { "File": "character_sonic2.bmp", "Rect": "295,68,48,48", "Center": "20,28" },
	"character_sonic_0x89":  { "File": "character_sonic2.bmp", "Rect": "344,68,48,48", "Center": "20,28" },
	"character_sonic_0x8a":  { "File": "character_sonic2.bmp", "Rect": "393,68,48,48", "Center": "20,28" },
	"character_sonic_0x8b":  { "File": "character_sonic2.bmp", "Rect": "491,68,48,48", "Center": "20,28" },
	"character_sonic_0x8c":  { "File": "character_sonic2.bmp", "Rect": "1083,68,48,48", "Center": "25,25" },
	"character_sonic_0x8d":  { "File": "character_sonic2.bmp", "Rect": "1034,68,48,48", "Center": "25,25" },
	"character_sonic_0x8e":  { "File": "character_sonic2.bmp", "Rect": "541,68,48,48", "Center": "27,23" },
	"character_sonic_0x8f":  { "File": "character_sonic2.bmp", "Rect": "1341,184,48,48", "Center": "32,15" },
	"character_sonic_0x90":  { "File": "character_sonic2.bmp", "Rect": "1647,68,48,48", "Center": "23,24" },
	"character_sonic_0x91":  { "File": "character_sonic2.bmp", "Rect": "1696,68,48,48", "Center": "23,24" },
	"character_sonic_0x92":  { "File": "character_sonic2.bmp", "Rect": "1745,68,48,48", "Center": "23,24" },
	"character_sonic_0x93":  { "File": "character_sonic2.bmp", "Rect": "1794,68,48,48", "Center": "23,24" },
	"character_sonic_0x94":  { "File": "character_sonic2.bmp", "Rect": "1929,184,54,50", "Center": "27,24" },
	"character_sonic_0x95":  { "File": "character_sonic2.bmp", "Rect": "1874,184,54,50", "Center": "27,24" },
	"character_sonic_0x96":  { "File": "character_sonic2.bmp", "Rect": "1623,10,48,48", "Center": "24,24" },
	"character_sonic_0x97":  { "File": "character_sonic2.bmp", "Rect": "1672,10,48,48", "Center": "24,24" },
	"character_sonic_0x98":  { "File": "character_sonic2.bmp", "Rect": "1721,10,48,48", "Center": "24,24" },
	"character_sonic_0x99":  { "File": "character_sonic2.bmp", "Rect": "1770,10,48,48", "Center": "24,24" },
	"character_sonic_0x9a":  { "File": "character_sonic2.bmp", "Rect": "1819,10,48,48", "Center": "24,24" },
	"character_sonic_0x9b":  { "File": "character_sonic2.bmp", "Rect": "540,10,48,48", "Center": "25,28" },
	"character_sonic_0x9c":  { "File": "character_sonic2.bmp", "Rect": "589,10,48,48", "Center": "25,28" },
	"character_sonic_0x9d":  { "File": "character_sonic2.bmp", "Rect": "1426,10,48,48", "Center": "25,28" },
	"character_sonic_0x9e":  { "File": "character_sonic2.bmp", "Rect": "1475,10,48,48", "Center": "25,28" },
	"character_sonic_0x9f":  { "File": "character_sonic2.bmp", "Rect": "1524,10,48,48", "Center": "25,28" },
	"character_sonic_0xa0":  { "File": "character_sonic2.bmp", "Rect": "1573,10,48,48", "Center": "25,28" },
	"character_sonic_0xa1":  { "File": "character_sonic2.bmp", "Rect": "738,68,48,48", "Center": "26,28" },
	"character_sonic_0xa2":  { "File": "character_sonic2.bmp", "Rect": "787,68,48,48", "Center": "26,28" },
	"character_sonic_0xa3":  { "File": "character_sonic2.bmp", "Rect": "836,68,48,48", "Center": "26,28" },
	"character_sonic_0xa4":  { "File": "character_sonic2.bmp", "Rect": "591,68,48,48", "Center": "29,28" },
	"character_sonic_0xa5":  { "File": "character_sonic2.bmp", "Rect": "640,68,48,48", "Center": "29,28" },
	"character_sonic_0xa6":  { "File": "character_sonic2.bmp", "Rect": "689,68,48,48", "Center": "29,28" },
	"character_sonic_0xa7":  { "File": "character_sonic2.bmp", "Rect": "886,68,48,48", "Center": "25,22" },
	"character_sonic_0xa8":  { "File": "character_sonic2.bmp", "Rect": "984,68,48,48", "Center": "25,22" },
	"character_sonic_0xa9":  { "File": "character_sonic2.bmp", "Rect": "935,68,48,48", "Center": "25,22" },
	"character_sonic_0xaa":  { "File": "character_sonic2.bmp", "Rect": "1391,184,48,48", "Center": "26,24" },
	"character_sonic_0xab":  { "File": "character_sonic2.bmp", "Rect": "1440,184,48,48", "Center": "26,23" },
	"character_sonic_0xac":  { "File": "character_sonic2.bmp", "Rect": "1590,68,48,48", "Center": "25,27" },
	"character_sonic_0xad":  { "File": "character_sonic2.bmp", "Rect": "245,10,48,48", "Center": "25,28" },
	"character_sonic_0xae":  { "File": "character_sonic2.bmp", "Rect": "294,10,48,48", "Center": "25,28" },
	"character_sonic_0xaf":  { "File": "character_sonic2.bmp", "Rect": "343,10,48,48", "Center": "25,28" },
	"character_sonic_0xb0":  { "File": "character_sonic2.bmp", "Rect": "1869,10,48,48", "Center": "25,28" },
	"character_sonic_0xb1":  { "File": "character_sonic2.bmp", "Rect": "1918,10,48,48", "Center": "25,28" },
	"character_sonic_0xb2":  { "File": "character_sonic2.bmp", "Rect": "1918,10,48,48", "Center": "25,28" },
	"character_sonic_0xb3":  { "File": "character_sonic2.bmp", "Rect": "1918,10,48,48", "Center": "25,28" },
	"character_sonic_0xb4":  { "File": "character_sonic2.bmp", "Rect": "1893,68,48,48", "Center": "25,26" },
	"character_sonic_0xb5":  { "File": "character_sonic2.bmp", "Rect": "1942,68,48,48", "Center": "25,26" },
	"character_sonic_0xb6":  { "File": "character_sonic2.bmp", "Rect": "661,244,48,48", "Center": "35,28" },
	"character_sonic_0xb7":  { "File": "character_sonic2.bmp", "Rect": "710,244,48,48", "Center": "35,28" },
	"character_sonic_0xb8":  { "File": "character_sonic2.bmp", "Rect": "759,244,48,48", "Center": "35,28" },
	"character_sonic_0xb9":  { "File": "character_sonic2.bmp", "Rect": "808,244,48,48", "Center": "35,28" },
	"character_sonic_0xba":  { "File": "character_sonic2.bmp", "Rect": "0,10,48,48", "Center": "25,28" },
	"character_sonic_0xbb":  { "File": "character_sonic2.bmp", "Rect": "49,10,48,48", "Center": "25,28" },
	"character_sonic_0xbc":  { "File": "character_sonic2.bmp", "Rect": "98,10,48,48", "Center": "25,28" },
	"character_sonic_0xbd":  { "File": "character_sonic2.bmp", "Rect": "147,10,48,48", "Center": "25,28" },
	"character_sonic_0xbe":  { "File": "character_sonic2.bmp", "Rect": "196,10,48,48", "Center": "25,28" },
	"character_sonic_0xbf":  { "File": "character_sonic2.bmp", "Rect": "0,302,48,48", "Center": "25,28" },
	"character_sonic_0xc0":  { "File": "character_sonic2.bmp", "Rect": "49,302,48,48", "Center": "25,28" },
	"character_sonic_0xc1":  { "File": "character_sonic2.bmp", "Rect": "98,302,48,48", "Center": "21,28" },
	"character_sonic_0xc2":  { "File": "character_sonic2.bmp", "Rect": "147,302,48,48", "Center": "25,28" },
	"character_sonic_0xc3":  { "File": "character_sonic2.bmp", "Rect": "442,10,48,48", "Center": "26,28" },
	"character_sonic_0xc4":  { "File": "character_sonic2.bmp", "Rect": "491,10,48,48", "Center": "26,28" },
	"character_sonic_0xc5":  { "File": "character_sonic2.bmp", "Rect": "196,302,48,48", "Center": "25,28" },
	"character_sonic_0xc6":  { "File": "character_sonic2.bmp", "Rect": "245,302,48,48", "Center": "25,28" },
	"character_sonic_0xc7":  { "File": "character_sonic2.bmp", "Rect": "294,302,48,48", "Center": "25,28" },
	"character_sonic_0xc8":  { "File": "character_sonic2.bmp", "Rect": "1133,68,56,48", "Center": "30,25" },
	"character_sonic_0xc9":  { "File": "character_sonic2.bmp", "Rect": "1190,68,56,48", "Center": "30,25" },
	"character_sonic_0xca":  { "File": "character_sonic2.bmp", "Rect": "1247,68,56,48", "Center": "28,25" },
	"character_sonic_0xcb":  { "File": "character_sonic2.bmp", "Rect": "1304,68,56,48", "Center": "26,25" },
	"character_sonic_0xcc":  { "File": "character_sonic2.bmp", "Rect": "1361,68,56,48", "Center": "26,25" },
	"character_sonic_0xcd":  { "File": "character_sonic2.bmp", "Rect": "1418,68,56,48", "Center": "27,25" },
	"character_sonic_0xce":  { "File": "character_sonic2.bmp", "Rect": "1475,68,56,48", "Center": "28,25" },
	"character_sonic_0xcf":  { "File": "character_sonic2.bmp", "Rect": "1532,68,56,48", "Center": "29,25" },
	"character_sonic_0xd0":  { "File": "character_sonic2.bmp", "Rect": "1083,68,48,48", "Center": "25,17" },
	"character_sonic_0xd1":  { "File": "character_sonic2.bmp", "Rect": "1034,68,48,48", "Center": "25,17" },
	"character_sonic_0xd2":  { "File": "character_sonic2.bmp", "Rect": "858,244,48,48", "Center": "25,23" },
	"character_sonic_0xd3":  { "File": "character_sonic2.bmp", "Rect": "907,244,48,48", "Center": "25,23" },
	"character_sonic_0xd4":  { "File": "character_sonic2.bmp", "Rect": "956,244,48,48", "Center": "28,24" },
	"character_sonic_0xd5":  { "File": "character_sonic2.bmp", "Rect": "1005,244,48,48", "Center": "28,24" },
	"character_sonic_0xd6":  { "File": "character_sonic2.bmp", "Rect": "1054,244,48,48", "Center": "28,24" },
	"character_sonic_0xd7":  { "File": "character_sonic2.bmp", "Rect": "1083,68,48,48", "Center": "28,20" },
	"character_sonic_0xd8":  { "File": "character_sonic2.bmp", "Rect": "1034,68,48,48", "Center": "28,20" },
	"character_sonic_0xd9":  { "File": "character_sonic2.bmp", "Rect": "392,10,48,48", "Center": "25,28" },
	"character_sonic_0xda":  { "File": "character_sonic2.bmp", "Rect": "343,302,48,48", "Center": "25,28" },
	"character_sonic_0xdb":  { "File": "character_sonic2.bmp", "Rect": "392,302,48,48", "Center": "25,28" },
	"character_sonic_0xdc":  { "File": "character_sonic2.bmp", "Rect": "441,302,48,48", "Center": "25,28" },
	"character_sonic_0xdd":  { "File": "character_sonic2.bmp", "Rect": "490,302,48,48", "Center": "25,28" },
	"character_sonic_0xde":  { "File": "character_sonic2.bmp", "Rect": "539,302,48,48", "Center": "25,28" },
	"character_sonic_0xdf":  { "File": "character_sonic2.bmp", "Rect": "1104,244,54,48", "Center": "28,23" },
	"character_sonic_0xe0":  { "File": "character_sonic2.bmp", "Rect": "1159,244,54,48", "Center": "28,23" },
	"character_sonic_0xe1":  { "File": "character_sonic2.bmp", "Rect": "1214,244,54,48", "Center": "28,23" },
	"character_sonic_0xe2":  { "File": "character_sonic2.bmp", "Rect": "1269,244,54,48", "Center": "28,23" },
	"character_sonic_0xe3":  { "File": "character_sonic2.bmp", "Rect": "1324,244,54,48", "Center": "28,23" },
	"character_sonic_0xe4":  { "File": "character_sonic2.bmp", "Rect": "957,184,54,48", "Center": "29,24" },
	"character_sonic_0xe5":  { "File": "character_sonic2.bmp", "Rect": "1012,184,54,48", "Center": "27,24" },
	"character_sonic_0xe6":  { "File": "character_sonic2.bmp", "Rect": "1067,184,54,48", "Center": "28,24" },
	"character_sonic_0xe7":  { "File": "character_sonic2.bmp", "Rect": "1122,184,54,48", "Center": "27,24" },
	"character_sonic_0xe8":  { "File": "character_sonic2.bmp", "Rect": "1177,184,54,48", "Center": "26,24" },
	"character_sonic_0xe9":  { "File": "character_sonic2.bmp", "Rect": "1232,184,54,48", "Center": "27,24" },
	"character_sonic_0xea":  { "File": "character_sonic2.bmp", "Rect": "1287,184,52,48", "Center": "28,24" },
	"character_sonic_0xeb":  { "File": "character_sonic2.bmp", "Rect": "588,302,48,48", "Center": "25,28" },
	"character_sonic_0xec":  { "File": "character_sonic2.bmp", "Rect": "637,302,48,48", "Center": "25,28" },
	"character_sonic_0xed":  { "File": "character_sonic2.bmp", "Rect": "686,302,48,48", "Center": "25,28" },
	"character_sonic_0xee":  { "File": "character_sonic2.bmp", "Rect": "735,302,48,48", "Center": "25,28" },
	"character_sonic_0xef":  { "File": "character_sonic2.bmp", "Rect": "0,244,54,48", "Center": "31,31" },
	"character_sonic_0xf0":  { "File": "character_sonic2.bmp", "Rect": "55,244,54,48", "Center": "28,31" },
	"character_sonic_0xf1":  { "File": "character_sonic2.bmp", "Rect": "110,244,54,48", "Center": "29,31" },
	"character_sonic_0xf2":  { "File": "character_sonic2.bmp", "Rect": "165,244,54,48", "Center": "29,31" },
	"character_sonic_0xf3":  { "File": "character_sonic2.bmp", "Rect": "220,244,54,48", "Center": "28,31" },
	"character_sonic_0xf4":  { "File": "character_sonic2.bmp", "Rect": "275,244,54,48", "Center": "29,31" },
	"character_sonic_0xf5":  { "File": "character_sonic2.bmp", "Rect": "330,244,54,48", "Center": "29,31" },
	"character_sonic_0xf6":  { "File": "character_sonic2.bmp", "Rect": "385,244,54,48", "Center": "27,31" },
	"character_sonic_0xf7":  { "File": "character_sonic2.bmp", "Rect": "440,244,54,48", "Center": "28,31" },
	"character_sonic_0xf8":  { "File": "character_sonic2.bmp", "Rect": "495,244,54,48", "Center": "25,31" },
	"character_sonic_0xf9":  { "File": "character_sonic2.bmp", "Rect": "550,244,54,48", "Center": "27,31" },
	"character_sonic_0xfa":  { "File": "character_sonic2.bmp", "Rect": "605,244,54,48", "Center": "27,31" },
	"character_sonic_springtwirl_0":  { "File": "character_sonic2.bmp", "Rect": "0,360,54,48", "Center": "23,20" },
	"character_sonic_springtwirl_1":  { "File": "character_sonic2.bmp", "Rect": "165,360,54,48", "Center": "25,20" },
	"character_sonic_springtwirl_2":  { "File": "character_sonic2.bmp", "Rect": "220,360,54,48", "Center": "24,20" },
	"character_sonic_springtwirl_3":  { "File": "character_sonic2.bmp", "Rect": "110,360,54,48", "Center": "28,20" },
	"character_sonic_springtwirl_4":  { "File": "character_sonic2.bmp", "Rect": "55,360,54,48", "Center": "25,20" },
	"Sonic_fall_CD_beta":  { "File": "character_sonic2.bmp", "Rect": "275,360,48,48", "Center": "20,26" },
	"Sonic_fall_CD":  { "File": "character_sonic2.bmp", "Rect": "275,409,48,48", "Center": "20,25" },
	"sonic_victory_0":  { "File": "character_sonic2.bmp", "Rect": "455,360,64,64", "Center": "32,44" },
	"sonic_victory_1":  { "File": "character_sonic2.bmp", "Rect": "520,360,64,64", "Center": "32,44" },
	"sonic_victory_2":  { "File": "character_sonic2.bmp", "Rect": "585,360,64,64", "Center": "32,44" },
	"sonic_victory_3":  { "File": "character_sonic2.bmp", "Rect": "650,360,64,64", "Center": "30,44" },
	"sonic_victory_4":  { "File": "character_sonic2.bmp", "Rect": "715,360,64,64", "Center": "32,44" },
	"sonic_victory_5":  { "File": "character_sonic2.bmp", "Rect": "780,360,64,64", "Center": "32,44" },
	"sonic_victory_6":  { "File": "character_sonic2.bmp", "Rect": "845,360,64,64", "Center": "32,44" },
	"sonic_tornado_00":  { "File": "character_sonic2.bmp", "Rect": "911,360,64,64", "Center": "32,44" },
	"sonic_tornado_01":  { "File": "character_sonic2.bmp", "Rect": "976,360,64,64", "Center": "32,44" },
	"sonic_tornado_alt_00":  { "File": "character_sonic2.bmp", "Rect": "1042,360,64,64", "Center": "32,44" },
	"sonic_tornado_alt_01":  { "File": "character_sonic2.bmp", "Rect": "1107,360,64,64", "Center": "32,44" },
	"sonic_frozen_0":  { "File": "character_sonic2.bmp", "Rect": "324,360,64,64", "Center": "32,32" },
	"sonic_frozen_1":  { "File": "character_sonic2.bmp", "Rect": "389,360,64,64", "Center": "32,32" },
	"sonic_dropdash_mania_0":  { "File": "character_sonic2.bmp", "Rect": "1172,360,48,48", "Center": "24,24" },
	"sonic_dropdash_mania_1":  { "File": "character_sonic2.bmp", "Rect": "1270,360,48,48", "Center": "24,24" },
	"sonic_dropdash_mania_2":  { "File": "character_sonic2.bmp", "Rect": "1221,360,48,48", "Center": "24,24" },
	"sonic_dropdash_mania_3":  { "File": "character_sonic2.bmp", "Rect": "1319,360,48,48", "Center": "24,24" },
	"sonic_dropdash_mania_4":  { "File": "character_sonic2.bmp", "Rect": "1172,360,48,48", "Center": "24,24" },
	"sonic_dropdash_mania_5":  { "File": "character_sonic2.bmp", "Rect": "1368,360,48,48", "Center": "24,24" },
	"sonic_dropdash_mania_6":  { "File": "character_sonic2.bmp", "Rect": "1221,360,48,48", "Center": "24,24" },
	"sonic_dropdash_mania_7":  { "File": "character_sonic2.bmp", "Rect": "1417,360,48,48", "Center": "24,24" },
	"sonic_dropdash_mania_8":  { "File": "character_sonic2.bmp", "Rect": "1172,360,48,48", "Center": "24,24" },
	"sonic_dropdash_mania_9":  { "File": "character_sonic2.bmp", "Rect": "1466,360,48,48", "Center": "24,24" },
	"sonic_dropdash_mania_10":  { "File": "character_sonic2.bmp", "Rect": "1221,360,48,48", "Center": "24,24" },
	"sonic_dropdash_mania_11":  { "File": "character_sonic2.bmp", "Rect": "1515,360,48,48", "Center": "24,24" },
	"sonic_dropdash_mania_12":  { "File": "character_sonic2.bmp", "Rect": "1172,360,48,48", "Center": "24,24" },
	"sonic_dropdash_mania_13":  { "File": "character_sonic2.bmp", "Rect": "1564,360,48,48", "Center": "24,24" },
	"sonic_dropdash_mania_14":  { "File": "character_sonic2.bmp", "Rect": "1221,360,48,48", "Center": "24,24" },
	"sonic_dropdash_mania_15":  { "File": "character_sonic2.bmp", "Rect": "1613,360,48,48", "Center": "24,24" }
}