{
	"character_hypersonic_0x01":  { "File": "character_sonic2.bmp", "Rect": "933,510,48,48", "Center": "23,28" },
	"character_hypersonic_0x02":  { "File": "character_sonic2.bmp", "Rect": "982,510,48,48", "Center": "23,28" },
	"character_hypersonic_0x03":  { "File": "character_sonic2.bmp", "Rect": "639,510,48,48", "Center": "23,28" },
	"character_hypersonic_0x04":  { "File": "character_sonic2.bmp", "Rect": "688,510,48,48", "Center": "23,28" },
	"character_hypersonic_0x05":  { "File": "character_sonic2.bmp", "Rect": "737,510,48,48", "Center": "23,28" },
	"character_hypersonic_0x06":  { "File": "character_sonic2.bmp", "Rect": "786,510,48,48", "Center": "23,28" },
	"character_hypersonic_0x07":  { "File": "character_sonic2.bmp", "Rect": "835,510,48,48", "Center": "23,28" },
	"character_hypersonic_0x08":  { "File": "character_sonic2.bmp", "Rect": "884,510,48,48", "Center": "23,28" },
	"character_hypersonic_0x21":  { "File": "character_sonic2.bmp", "Rect": "1380,744,48,48", "Center": "23,28" },
	"character_hypersonic_0x22":  { "File": "character_sonic2.bmp", "Rect": "1429,744,48,48", "Center": "23,28" },
	"character_hypersonic_0x23":  { "File": "character_sonic2.bmp", "Rect": "1478,744,48,48", "Center": "23,28" },
	"character_hypersonic_0x24":  { "File": "character_sonic2.bmp", "Rect": "1527,744,48,48", "Center": "23,28" },
	"hypersonic_peelout_0":  { "File": "character_sonic2.bmp", "Rect": "1577,744,48,48", "Center": "23,28" },
	"hypersonic_peelout_1":  { "File": "character_sonic2.bmp", "Rect": "1626,744,48,48", "Center": "23,28" },
	"hypersonic_peelout_2":  { "File": "character_sonic2.bmp", "Rect": "1675,744,48,48", "Center": "23,28" },
	"hypersonic_peelout_3":  { "File": "character_sonic2.bmp", "Rect": "1724,744,48,48", "Center": "23,28" },
	"character_hypersonic_0x31":  { "File": "character_sonic2.bmp", "Rect": "0,626,54,48", "Center": "28,28" },
	"character_hypersonic_0x32":  { "File": "character_sonic2.bmp", "Rect": "55,626,54,48", "Center": "27,30" },
	"character_hypersonic_0x33":  { "File": "character_sonic2.bmp", "Rect": "110,626,54,48", "Center": "28,30" },
	"character_hypersonic_0x34":  { "File": "character_sonic2.bmp", "Rect": "165,626,54,48", "Center": "28,32" },
	"character_hypersonic_0x35":  { "File": "character_sonic2.bmp", "Rect": "220,626,54,48", "Center": "26,36" },
	"character_hypersonic_0x36":  { "File": "character_sonic2.bmp", "Rect": "275,626,54,48", "Center": "26,34" },
	"character_hypersonic_0x37":  { "File": "character_sonic2.bmp", "Rect": "330,626,54,48", "Center": "26,30" },
	"character_hypersonic_0x38":  { "File": "character_sonic2.bmp", "Rect": "385,626,54,48", "Center": "28,31" },
	"character_hypersonic_0x39":  { "File": "character_sonic2.bmp", "Rect": "440,626,54,48", "Center": "26,31" },
	"character_hypersonic_0x3a":  { "File": "character_sonic2.bmp", "Rect": "495,626,54,48", "Center": "28,31" },
	"character_hypersonic_0x3b":  { "File": "character_sonic2.bmp", "Rect": "550,626,54,48", "Center": "26,27" },
	"character_hypersonic_0x3c":  { "File": "character_sonic2.bmp", "Rect": "605,626,54,48", "Center": "25,27" },
	"character_hypersonic_0x3d":  { "File": "character_sonic2.bmp", "Rect": "660,626,54,48", "Center": "28,28" },
	"character_hypersonic_0x3e":  { "File": "character_sonic2.bmp", "Rect": "715,626,54,48", "Center": "27,30" },
	"character_hypersonic_0x3f":  { "File": "character_sonic2.bmp", "Rect": "770,626,54,48", "Center": "28,30" },
	"character_hypersonic_0x40":  { "File": "character_sonic2.bmp", "Rect": "825,626,54,48", "Center": "28,32" },
	"character_hypersonic_0x41":  { "File": "character_sonic2.bmp", "Rect": "880,626,54,48", "Center": "26,36" },
	"character_hypersonic_0x42":  { "File": "character_sonic2.bmp", "Rect": "935,626,54,48", "Center": "26,34" },
	"character_hypersonic_0x43":  { "File": "character_sonic2.bmp", "Rect": "990,626,54,48", "Center": "26,30" },
	"character_hypersonic_0x44":  { "File": "character_sonic2.bmp", "Rect": "1045,626,54,48", "Center": "28,31" },
	"character_hypersonic_0x45":  { "File": "character_sonic2.bmp", "Rect": "1100,626,54,48", "Center": "26,31" },
	"character_hypersonic_0x46":  { "File": "character_sonic2.bmp", "Rect": "1155,626,54,48", "Center": "28,31" },
	"character_hypersonic_0x47":  { "File": "character_sonic2.bmp", "Rect": "1210,626,54,48", "Center": "26,27" },
	"character_hypersonic_0x48":  { "File": "character_sonic2.bmp", "Rect": "1265,626,54,48", "Center": "25,27" },
	"character_hypersonic_0x49":  { "File": "character_sonic.bmp", "Rect": "456,732,40,40", "Center": "20,24" },
	"character_hypersonic_0x4a":  { "File": "character_sonic.bmp", "Rect": "516,728,32,48", "Center": "14,22" },
	"character_hypersonic_0x4b":  { "File": "character_sonic.bmp", "Rect": "572,736,32,32", "Center": "16,21" },
	"character_hypersonic_0x4c":  { "File": "character_sonic.bmp", "Rect": "628,736,32,32", "Center": "13,15" },
	"character_hypersonic_0x4d":  { "File": "character_sonic.bmp", "Rect": "684,736,32,32", "Center": "13,18" },
	"character_hypersonic_0x4e":  { "File": "character_sonic.bmp", "Rect": "740,736,32,32", "Center": "18,14" },
	"character_hypersonic_0x4f":  { "File": "character_sonic.bmp", "Rect": "792,732,40,40", "Center": "22,22" },
	"character_hypersonic_0x50":  { "File": "character_sonic.bmp", "Rect": "848,732,40,40", "Center": "21,20" },
	"character_hypersonic_0x51":  { "File": "character_sonic.bmp", "Rect": "12,792,32,32", "Center": "17,19" },
	"character_hypersonic_0x52":  { "File": "character_sonic.bmp", "Rect": "68,792,32,32", "Center": "14,17" },
	"character_hypersonic_0x53":  { "File": "character_sonic.bmp", "Rect": "120,792,40,32", "Center": "24,19" },
	"character_hypersonic_0x54":  { "File": "character_sonic.bmp", "Rect": "176,792,40,32", "Center": "17,16" },
	"character_hypersonic_0x55":  { "File": "character_sonic2.bmp", "Rect": "1490,684,54,48", "Center": "29,28" },
	"character_hypersonic_0x56":  { "File": "character_sonic2.bmp", "Rect": "1545,684,54,48", "Center": "28,28" },
	"character_hypersonic_0x57":  { "File": "character_sonic2.bmp", "Rect": "1600,684,54,48", "Center": "28,28" },
	"character_hypersonic_0x58":  { "File": "character_sonic2.bmp", "Rect": "1655,684,54,48", "Center": "27,28" },
	"character_hypersonic_0x59":  { "File": "character_sonic2.bmp", "Rect": "1710,684,54,48", "Center": "28,28" },
	"character_hypersonic_0x5a":  { "File": "character_sonic2.bmp", "Rect": "1765,684,54,48", "Center": "28,28" },
	"character_hypersonic_0x5b":  { "File": "character_sonic2.bmp", "Rect": "1820,684,52,48", "Center": "28,28" },
	"character_hypersonic_0x5c":  { "File": "character_sonic.bmp", "Rect": "620,796,48,24", "Center": "20,11" },
	"character_hypersonic_0x5d":  { "File": "character_sonic.bmp", "Rect": "684,796,32,24", "Center": "4,12" },
	"character_hypersonic_0x5e":  { "File": "character_sonic.bmp", "Rect": "736,796,40,24", "Center": "30,12" },
	"character_hypersonic_0x5f":  { "File": "character_sonic.bmp", "Rect": "788,796,48,24", "Center": "27,11" },
	"character_hypersonic_0x60":  { "File": "character_sonic.bmp", "Rect": "852,796,32,24", "Center": "10,12" },
	"character_hypersonic_0x61":  { "File": "character_sonic.bmp", "Rect": "8,852,40,24", "Center": "38,12" },
	"character_hypersonic_0x62":  { "File": "character_sonic.bmp", "Rect": "64,848,40,32", "Center": "20,16" },
	"character_hypersonic_0x63":  { "File": "character_sonic.bmp", "Rect": "128,840,24,48", "Center": "11,24" },
	"character_hypersonic_0x64":  { "File": "character_sonic.bmp", "Rect": "184,848,24,32", "Center": "13,15" },
	"character_hypersonic_0x65":  { "File": "character_sonic.bmp", "Rect": "240,844,24,40", "Center": "12,21" },
	"character_hypersonic_0x66":  { "File": "character_sonic.bmp", "Rect": "296,840,24,48", "Center": "12,24" },
	"character_hypersonic_0x67":  { "File": "character_sonic.bmp", "Rect": "352,848,24,32", "Center": "14,16" },
	"character_hypersonic_0x68":  { "File": "character_sonic.bmp", "Rect": "408,844,24,40", "Center": "14,24" },
	"character_hypersonic_0x69":  { "File": "character_sonic.bmp", "Rect": "460,844,32,40", "Center": "16,20" },
	"character_hypersonic_0x6a":  { "File": "character_sonic.bmp", "Rect": "516,844,32,40", "Center": "16,20" },
	"character_hypersonic_0x6b":  { "File": "character_sonic.bmp", "Rect": "572,848,32,32", "Center": "21,20" },
	"character_hypersonic_0x6c":  { "File": "character_sonic.bmp", "Rect": "628,848,32,32", "Center": "16,16" },
	"character_hypersonic_0x6d":  { "File": "character_sonic.bmp", "Rect": "680,848,40,32", "Center": "20,16" },
	"character_hypersonic_0x6e":  { "File": "character_sonic.bmp", "Rect": "736,848,40,32", "Center": "20,16" },
	"character_hypersonic_0x6f":  { "File": "character_sonic.bmp", "Rect": "796,848,32,32", "Center": "16,16" },
	"character_hypersonic_0x70":  { "File": "character_sonic.bmp", "Rect": "852,848,32,32", "Center": "16,16" },
	"character_hypersonic_0x71":  { "File": "character_sonic.bmp", "Rect": "12,0,32,40", "Center": "16,16" },
	"character_hypersonic_0x72":  { "File": "character_sonic.bmp", "Rect": "64,0,40,40", "Center": "20,16" },
	"character_hypersonic_0x73":  { "File": "character_sonic.bmp", "Rect": "120,0,40,40", "Center": "20,16" },
	"character_hypersonic_0x74":  { "File": "character_sonic.bmp", "Rect": "180,0,32,40", "Center": "16,16" },
	"character_hypersonic_0x75":  { "File": "character_sonic.bmp", "Rect": "240,0,24,40", "Center": "12,16" },
	"character_hypersonic_0x76":  { "File": "character_sonic.bmp", "Rect": "292,0,32,40", "Center": "16,16" },
	"character_hypersonic_0x77":  { "File": "character_sonic.bmp", "Rect": "348,408,32,24", "Center": "16,12" },
	"character_hypersonic_0x78":  { "File": "character_sonic2.bmp", "Rect": "1844,568,48,48", "Center": "23,25" },
	"character_hypersonic_0x80":  { "File": "character_sonic2.bmp", "Rect": "0,679,48,55", "Center": "24,29" },
	"character_hypersonic_0x81":  { "File": "character_sonic2.bmp", "Rect": "49,679,48,55", "Center": "28,29" },
	"character_hypersonic_0x82":  { "File": "character_sonic2.bmp", "Rect": "98,679,48,55", "Center": "25,29" },
	"character_hypersonic_0x83":  { "File": "character_sonic2.bmp", "Rect": "147,679,48,55", "Center": "23,29" },
	"character_hypersonic_0x84":  { "File": "character_sonic2.bmp", "Rect": "196,679,48,55", "Center": "26,29" },
	"character_hypersonic_0x85":  { "File": "character_sonic2.bmp", "Rect": "245,679,48,55", "Center": "25,29" },
	"character_hypersonic_0x86":  { "File": "character_sonic2.bmp", "Rect": "99,568,48,48", "Center": "20,28" },
	"character_hypersonic_0x87":  { "File": "character_sonic2.bmp", "Rect": "197,568,48,48", "Center": "20,28" },
	"character_hypersonic_0x88":  { "File": "character_sonic2.bmp", "Rect": "295,568,48,48", "Center": "20,28" },
	"character_hypersonic_0x89":  { "File": "character_sonic2.bmp", "Rect": "344,568,48,48", "Center": "20,28" },
	"character_hypersonic_0x8a":  { "File": "character_sonic2.bmp", "Rect": "393,568,48,48", "Center": "20,28" },
	"character_hypersonic_0x8b":  { "File": "character_sonic2.bmp", "Rect": "491,568,48,48", "Center": "20,28" },
	"character_hypersonic_0x8c":  { "File": "character_sonic2.bmp", "Rect": "1083,568,48,48", "Center": "25,25" },
	"character_hypersonic_0x8d":  { "File": "character_sonic2.bmp", "Rect": "1034,568,48,48", "Center": "25,25" },
	"character_hypersonic_0x8e":  { "File": "character_sonic2.bmp", "Rect": "541,568,48,48", "Center": "27,23" },
	"character_hypersonic_0x8f":  { "File": "character_sonic2.bmp", "Rect": "1341,684,48,48", "Center": "32,17" },
	"character_hypersonic_0x90":  { "File": "character_sonic2.bmp", "Rect": "1647,568,48,48", "Center": "23,24" },
	"character_hypersonic_0x91":  { "File": "character_sonic2.bmp", "Rect": "1696,568,48,48", "Center": "23,25" },
	"character_hypersonic_0x92":  { "File": "character_sonic2.bmp", "Rect": "1745,568,48,48", "Center": "23,25" },
	"character_hypersonic_0x93":  { "File": "character_sonic2.bmp", "Rect": "1794,568,48,48", "Center": "23,25" },
	"character_hypersonic_0x94":  { "File": "character_sonic2.bmp", "Rect": "1929,684,54,50", "Center": "27,24" },
	"character_hypersonic_0x95":  { "File": "character_sonic2.bmp", "Rect": "1874,684,54,50", "Center": "27,24" },
	"character_hypersonic_0x96":  { "File": "character_sonic2.bmp", "Rect": "1623,510,48,48", "Center": "24,24" },
	"character_hypersonic_0x97":  { "File": "character_sonic2.bmp", "Rect": "1672,510,48,48", "Center": "24,24" },
	"character_hypersonic_0x98":  { "File": "character_sonic2.bmp", "Rect": "1721,510,48,48", "Center": "24,24" },
	"character_hypersonic_0x99":  { "File": "character_sonic2.bmp", "Rect": "1770,510,48,48", "Center": "24,24" },
	"character_hypersonic_0x9a":  { "File": "character_sonic2.bmp", "Rect": "1819,510,48,48", "Center": "24,24" },
	"character_hypersonic_0x9b":  { "File": "character_sonic2.bmp", "Rect": "540,510,48,48", "Center": "25,28" },
	"character_hypersonic_0x9c":  { "File": "character_sonic2.bmp", "Rect": "589,510,48,48", "Center": "25,28" },
	"character_hypersonic_0x9d":  { "File": "character_sonic2.bmp", "Rect": "1426,510,48,48", "Center": "25,28" },
	"character_hypersonic_0x9e":  { "File": "character_sonic2.bmp", "Rect": "1475,510,48,48", "Center": "25,28" },
	"character_hypersonic_0x9f":  { "File": "character_sonic2.bmp", "Rect": "1524,510,48,48", "Center": "25,28" },
	"character_hypersonic_0xa0":  { "File": "character_sonic2.bmp", "Rect": "1573,510,48,48", "Center": "25,28" },
	"character_hypersonic_0xa1":  { "File": "character_sonic2.bmp", "Rect": "591,568,48,48", "Center": "26,28" },
	"character_hypersonic_0xa2":  { "File": "character_sonic2.bmp", "Rect": "640,568,48,48", "Center": "25,28" },
	"character_hypersonic_0xa3":  { "File": "character_sonic2.bmp", "Rect": "689,568,48,48", "Center": "26,28" },
	"character_hypersonic_0xa4":  { "File": "character_sonic2.bmp", "Rect": "591,568,48,48", "Center": "29,28" },
	"character_hypersonic_0xa5":  { "File": "character_sonic2.bmp", "Rect": "640,568,48,48", "Center": "29,28" },
	"character_hypersonic_0xa6":  { "File": "character_sonic2.bmp", "Rect": "689,568,48,48", "Center": "29,28" },
	"character_hypersonic_0xa7":  { "File": "character_sonic2.bmp", "Rect": "886,568,48,48", "Center": "25,22" },
	"character_hypersonic_0xa8":  { "File": "character_sonic2.bmp", "Rect": "984,568,48,48", "Center": "25,22" },
	"character_hypersonic_0xa9":  { "File": "character_sonic2.bmp", "Rect": "935,568,48,48", "Center": "25,22" },
	"character_hypersonic_0xaa":  { "File": "character_sonic2.bmp", "Rect": "1391,684,48,48", "Center": "26,24" },
	"character_hypersonic_0xab":  { "File": "character_sonic2.bmp", "Rect": "1440,684,48,48", "Center": "26,23" },
	"character_hypersonic_0xac":  { "File": "character_sonic2.bmp", "Rect": "1590,568,48,48", "Center": "25,27" },
	"character_hypersonic_0xad":  { "File": "character_sonic2.bmp", "Rect": "245,510,48,48", "Center": "25,28" },
	"character_hypersonic_0xae":  { "File": "character_sonic2.bmp", "Rect": "294,510,48,48", "Center": "25,28" },
	"character_hypersonic_0xaf":  { "File": "character_sonic2.bmp", "Rect": "343,510,48,48", "Center": "25,28" },
	"character_hypersonic_0xb0":  { "File": "character_sonic2.bmp", "Rect": "1869,510,48,48", "Center": "25,28" },
	"character_hypersonic_0xb1":  { "File": "character_sonic2.bmp", "Rect": "1918,510,48,48", "Center": "25,28" },
	"character_hypersonic_0xb2":  { "File": "character_sonic2.bmp", "Rect": "1918,510,48,48", "Center": "25,28" },
	"character_hypersonic_0xb3":  { "File": "character_sonic2.bmp", "Rect": "1918,510,48,48", "Center": "25,28" },
	"character_hypersonic_0xb4":  { "File": "character_sonic2.bmp", "Rect": "1893,568,48,48", "Center": "25,26" },
	"character_hypersonic_0xb5":  { "File": "character_sonic2.bmp", "Rect": "1942,568,48,48", "Center": "25,26" },
	"character_hypersonic_0xb6":  { "File": "character_sonic2.bmp", "Rect": "661,744,48,48", "Center": "35,28" },
	"character_hypersonic_0xb7":  { "File": "character_sonic2.bmp", "Rect": "710,744,48,48", "Center": "35,28" },
	"character_hypersonic_0xb8":  { "File": "character_sonic2.bmp", "Rect": "759,744,48,48", "Center": "35,28" },
	"character_hypersonic_0xb9":  { "File": "character_sonic2.bmp", "Rect": "808,744,48,48", "Center": "35,28" },
	"character_hypersonic_0xba":  { "File": "character_sonic2.bmp", "Rect": "0,510,48,48", "Center": "25,28" },
	"character_hypersonic_0xbb":  { "File": "character_sonic2.bmp", "Rect": "49,510,48,48", "Center": "25,28" },
	"character_hypersonic_0xbc":  { "File": "character_sonic2.bmp", "Rect": "98,510,48,48", "Center": "25,28" },
	"character_hypersonic_0xbd":  { "File": "character_sonic2.bmp", "Rect": "147,510,48,48", "Center": "25,28" },
	"character_hypersonic_0xbe":  { "File": "character_sonic2.bmp", "Rect": "196,510,48,48", "Center": "25,28" },
	"character_hypersonic_0xc3":  { "File": "character_sonic2.bmp", "Rect": "442,510,48,48", "Center": "25,28" },
	"character_hypersonic_0xc4":  { "File": "character_sonic2.bmp", "Rect": "491,510,48,48", "Center": "25,28" },
	"character_hypersonic_0xc8":  { "File": "character_sonic2.bmp", "Rect": "1133,568,56,48", "Center": "30,25" },
	"character_hypersonic_0xc9":  { "File": "character_sonic2.bmp", "Rect": "1190,568,56,48", "Center": "30,25" },
	"character_hypersonic_0xca":  { "File": "character_sonic2.bmp", "Rect": "1247,568,56,48", "Center": "28,25" },
	"character_hypersonic_0xcb":  { "File": "character_sonic2.bmp", "Rect": "1304,568,56,48", "Center": "26,25" },
	"character_hypersonic_0xcc":  { "File": "character_sonic2.bmp", "Rect": "1361,568,56,48", "Center": "26,25" },
	"character_hypersonic_0xcd":  { "File": "character_sonic2.bmp", "Rect": "1418,568,56,48", "Center": "27,25" },
	"character_hypersonic_0xce":  { "File": "character_sonic2.bmp", "Rect": "1475,568,56,48", "Center": "28,25" },
	"character_hypersonic_0xcf":  { "File": "character_sonic2.bmp", "Rect": "1532,568,56,48", "Center": "29,25" },
	"character_hypersonic_0xd0":  { "File": "character_sonic2.bmp", "Rect": "1083,568,48,48", "Center": "25,17" },
	"character_hypersonic_0xd1":  { "File": "character_sonic2.bmp", "Rect": "1034,568,48,48", "Center": "25,17" },
	"character_hypersonic_0xd2":  { "File": "character_sonic2.bmp", "Rect": "858,744,48,48", "Center": "25,23" },
	"character_hypersonic_0xd3":  { "File": "character_sonic2.bmp", "Rect": "907,744,48,48", "Center": "25,23" },
	"character_hypersonic_0xd4":  { "File": "character_sonic2.bmp", "Rect": "956,744,48,48", "Center": "28,24" },
	"character_hypersonic_0xd5":  { "File": "character_sonic2.bmp", "Rect": "1005,744,48,48", "Center": "28,24" },
	"character_hypersonic_0xd6":  { "File": "character_sonic2.bmp", "Rect": "1054,744,48,48", "Center": "28,24" },
	"character_hypersonic_0xd7":  { "File": "character_sonic2.bmp", "Rect": "1083,568,48,48", "Center": "28,20" },
	"character_hypersonic_0xd8":  { "File": "character_sonic2.bmp", "Rect": "1034,568,48,48", "Center": "28,20" },
	"character_hypersonic_0xdf":  { "File": "character_sonic2.bmp", "Rect": "1104,744,54,48", "Center": "28,23" },
	"character_hypersonic_0xe0":  { "File": "character_sonic2.bmp", "Rect": "1159,744,54,48", "Center": "28,23" },
	"character_hypersonic_0xe1":  { "File": "character_sonic2.bmp", "Rect": "1214,744,54,48", "Center": "28,23" },
	"character_hypersonic_0xe2":  { "File": "character_sonic2.bmp", "Rect": "1269,744,54,48", "Center": "28,23" },
	"character_hypersonic_0xe3":  { "File": "character_sonic2.bmp", "Rect": "1324,744,54,48", "Center": "28,23" },
	"character_hypersonic_0xe4":  { "File": "character_sonic2.bmp", "Rect": "957,684,54,48", "Center": "29,24" },
	"character_hypersonic_0xe5":  { "File": "character_sonic2.bmp", "Rect": "1012,684,54,48", "Center": "27,24" },
	"character_hypersonic_0xe6":  { "File": "character_sonic2.bmp", "Rect": "1067,684,54,48", "Center": "28,24" },
	"character_hypersonic_0xe7":  { "File": "character_sonic2.bmp", "Rect": "1122,684,54,48", "Center": "27,24" },
	"character_hypersonic_0xe8":  { "File": "character_sonic2.bmp", "Rect": "1177,684,54,48", "Center": "26,24" },
	"character_hypersonic_0xe9":  { "File": "character_sonic2.bmp", "Rect": "1232,684,54,48", "Center": "27,24" },
	"character_hypersonic_0xea":  { "File": "character_sonic2.bmp", "Rect": "1287,684,52,48", "Center": "28,24" },
	"character_hypersonic_0xef":  { "File": "character_sonic2.bmp", "Rect": "0,744,54,48", "Center": "31,31" },
	"character_hypersonic_0xf0":  { "File": "character_sonic2.bmp", "Rect": "55,744,54,48", "Center": "28,31" },
	"character_hypersonic_0xf1":  { "File": "character_sonic2.bmp", "Rect": "110,744,54,48", "Center": "29,31" },
	"character_hypersonic_0xf2":  { "File": "character_sonic2.bmp", "Rect": "165,744,54,48", "Center": "29,31" },
	"character_hypersonic_0xf3":  { "File": "character_sonic2.bmp", "Rect": "220,744,54,48", "Center": "28,31" },
	"character_hypersonic_0xf4":  { "File": "character_sonic2.bmp", "Rect": "275,744,54,48", "Center": "29,31" },
	"character_hypersonic_0xf5":  { "File": "character_sonic2.bmp", "Rect": "330,744,54,48", "Center": "29,31" },
	"character_hypersonic_0xf6":  { "File": "character_sonic2.bmp", "Rect": "385,744,54,48", "Center": "27,31" },
	"character_hypersonic_0xf7":  { "File": "character_sonic2.bmp", "Rect": "440,744,54,48", "Center": "28,31" },
	"character_hypersonic_0xf8":  { "File": "character_sonic2.bmp", "Rect": "495,744,54,48", "Center": "25,31" },
	"character_hypersonic_0xf9":  { "File": "character_sonic2.bmp", "Rect": "550,744,54,48", "Center": "27,31" },
	"character_hypersonic_0xfa":  { "File": "character_sonic2.bmp", "Rect": "605,744,54,48", "Center": "27,31" },
	"character_hypersonic_springtwirl_0":  { "File": "character_sonic2.bmp", "Rect": "0,802,54,48", "Center": "23,20" },
	"character_hypersonic_springtwirl_1":  { "File": "character_sonic2.bmp", "Rect": "165,802,54,48", "Center": "25,20" },
	"character_hypersonic_springtwirl_2":  { "File": "character_sonic2.bmp", "Rect": "220,802,54,48", "Center": "24,20" },
	"character_hypersonic_springtwirl_3":  { "File": "character_sonic2.bmp", "Rect": "110,802,54,48", "Center": "28,20" },
	"character_hypersonic_springtwirl_4":  { "File": "character_sonic2.bmp", "Rect": "55,802,54,48", "Center": "25,20" },
	"Super_Sonic_fall_CD_beta":  { "File": "character_sonic2.bmp", "Rect": "275,802,48,48", "Center": "20,26" },
	"Super_Sonic_fall_CD":  { "File": "character_sonic2.bmp", "Rect": "275,851,48,48", "Center": "20,25" },
	"HyperSonic_DDZ_0":  { "File": "character_sonic2.bmp", "Rect": "1774,744,48,48", "Center": "23,28" },
	"HyperSonic_DDZ_1":  { "File": "character_sonic2.bmp", "Rect": "1823,744,48,48", "Center": "23,28" },
	"HyperSonic_DDZ_2":  { "File": "character_sonic2.bmp", "Rect": "1872,744,48,48", "Center": "23,28" },
	"HyperSonic_DDZ_3":  { "File": "character_sonic2.bmp", "Rect": "1921,744,48,48", "Center": "23,28" }
}