{
	"charselect_tails":  { "File": "extra_stuff.png", "Rect": "8,8,40,40", "Center": "26,24" },
	"continue_icon_tails_wait_0x00":  { "File": "character_tails.bmp", "Rect": "542,764,19,24", "Center": "15,12" },
	"continue_icon_tails_wait_0x01":  { "File": "character_tails.bmp", "Rect": "566,764,19,24", "Center": "15,12" },
	"monitor_icon_tails":  { "File": "extra_stuff.png", "Rect": "55,8,16,16", "Center": "8,8" },
	"tornado_tails_pilot":  { "File": "extra_stuff.png", "Rect": "222,32,24,16", "Center": "12,8" },
	"tornado_tails_pilot_small":  { "File": "extra_stuff.png", "Rect": "254,32,16,8", "Center": "8,0" },
	"tornado_tails_small":  { "File": "character_tails.bmp", "Rect": "745,722,16,16", "Center": "12,8" },
	"character_tails_continue_0x00":  { "File": "character_tails.bmp", "Rect": "407,763,32,40", "Center": "16,20" },
	"character_tails_continue_0x01":  { "File": "character_tails.bmp", "Rect": "447,763,32,40", "Center": "16,20" },
	"character_tails_ending_0x00":  { "File": "character_tails.bmp", "Rect": "343,763,24,40", "Center": "12,20" },
	"character_tails_ending_0x01":  { "File": "character_tails.bmp", "Rect": "375,763,24,40", "Center": "12,20" },
	"character_tails_tails_ending_0x00":  { "File": "character_tails_tails.bmp", "Rect": "392,24,16,24", "Center": "4,12" },
	"character_tails_tails_ending_0x01":  { "File": "character_tails_tails.bmp", "Rect": "420,24,24,24", "Center": "12,12" },
	"character_tails_tails_ending_0x02":  { "File": "character_tails_tails.bmp", "Rect": "452,24,24,24", "Center": "12,12" },
	"character_tails_tails_ending_0x03":  { "File": "character_tails_tails.bmp", "Rect": "484,28,24,16", "Center": "12,4" },
	"character_tails_tails_ending_0x04":  { "File": "character_tails_tails.bmp", "Rect": "4,48,24,24", "Center": "12,12" },
	"character_tails_springtwirl_0":  { "File": "character_tails.bmp", "Rect": "544,719,26,41", "Center": "11,20" },
	"character_tails_springtwirl_1":  { "File": "character_tails.bmp", "Rect": "571,719,22,41", "Center": "6,20" },
	"character_tails_springtwirl_2":  { "File": "character_tails.bmp", "Rect": "594,719,23,41", "Center": "12,20" },
	"character_tails_springtwirl_3":  { "File": "character_tails.bmp", "Rect": "492,719,22,41", "Center": "17,20" },
	"character_tails_springtwirl_4":  { "File": "character_tails.bmp", "Rect": "515,719,28,41", "Center": "18,20" },
	"character_supertails_springtwirl_0":  { "File": "character_supertails.bmp", "Rect": "544,719,26,41", "Center": "11,20" },
	"character_supertails_springtwirl_1":  { "File": "character_supertails.bmp", "Rect": "571,719,22,41", "Center": "6,20" },
	"character_supertails_springtwirl_2":  { "File": "character_supertails.bmp", "Rect": "594,719,23,41", "Center": "12,20" },
	"character_supertails_springtwirl_3":  { "File": "character_supertails.bmp", "Rect": "492,719,22,41", "Center": "17,20" },
	"character_supertails_springtwirl_4":  { "File": "character_supertails.bmp", "Rect": "515,719,28,41", "Center": "18,20" },
	"Tails_fall":  { "File": "character_tails.bmp", "Rect": "669,740,28,36", "Center": "16,23" },
	"Super_Tails_Fall":  { "File": "character_supertails.bmp", "Rect": "668,740,35,35", "Center": "20,21" },
	"ESS_Char_Sonic":  { "File": "extra_stuff.png", "Rect": "74,2,48,48", "Center": "26,48" },
	"ESS_Char_Tails":  { "File": "extra_stuff.png", "Rect": "8,8,40,40", "Center": "25,40" },
	"ESS_Zone_Tails_0":  { "File": "Portraits.png", "Rect": "0,0,80,56", "Center": "40,28" },
	"ESS_Zone_Tails_1":  { "File": "Portraits.png", "Rect": "81,0,80,56", "Center": "40,28" },
	"ESS_Zone_Sonic_0":  { "File": "Portraits.png", "Rect": "0,57,80,56", "Center": "40,28" },
	"ESS_Zone_Sonic_1":  { "File": "Portraits.png", "Rect": "81,57,80,56", "Center": "40,28" },
	"ESS_Life_Sonic":  { "File": "extra_stuff.png", "Rect": "127,8,16,16", "Center": "8,16" },
	"ESS_Life_Tails":  { "File": "extra_stuff.png", "Rect": "55,8,16,16", "Center": "8,16" },
	"ESS_Cont_Sonic":  { "File": "extra_stuff.png", "Rect": "124,26,19,24", "Center": "10,24" },
	"ESS_Cont_Tails":  { "File": "extra_stuff.png", "Rect": "51,24,20,24", "Center": "11,24" },
	"tails_lookup_0":  { "File": "character_tails.bmp", "Rect": "104,633,24,32", "Center": "11,16" },
	"tails_lookdown_0":  { "File": "character_tails.bmp", "Rect": "10,633,22,28", "Center": "6,12" },
	"tails_drown":  { "File": "character_tails.bmp", "Rect": "588,629,33,34", "Center": "13,16" }
}