{
	"monitor_icon_ring":  { "File": "Monitor icones.png", "Rect": "0,0,16,16", "Center": "8,8" },
	"monitor_icon_speedshoes":  { "File": "Monitor icones.png", "Rect": "17,0,16,16", "Center": "8,8" },
	"monitor_sonic_shoe":  { "File": "Monitor icones.png", "Rect": "17,0,16,16", "Center": "8,8" },
	"monitor_tails_shoe":  { "File": "Monitor icones.png", "Rect": "0,17,16,16", "Center": "8,8" },
	"monitor_knuckles_shoe":  { "File": "Monitor icones.png", "Rect": "17,17,16,16", "Center": "8,8" },
	"monitor_icon_invincibility":  { "File": "Monitor icones.png", "Rect": "34,0,16,16", "Center": "8,8" },
	"monitor_icon_super":  { "File": "Monitor icones.png", "Rect": "51,0,16,16", "Center": "8,8" },
	"monitor_icon_lightningshield":  { "File": "Monitor icones.png", "Rect": "68,0,16,16", "Center": "8,8" },
	"monitor_icon_fireshield":  { "File": "Monitor icones.png", "Rect": "85,0,16,16", "Center": "8,8" },
	"monitor_icon_bubbleshield":  { "File": "Monitor icones.png", "Rect": "102,0,16,16", "Center": "8,8" },
	"monitor_icon_classicshield":  { "File": "Monitor icones.png", "Rect": "119,0,16,16", "Center": "8,8" },
	"monitor_icon_robotnik":  { "File": "Monitor icones.png", "Rect": "102,34,16,16", "Center": "8,8" },
	"monitor_icon_eggman":  { "File": "Monitor icones.png", "Rect": "136,0,16,16", "Center": "8,8" },
	"monitor_icon_multi_ring":  { "File": "Monitor icones.png", "Rect": "51,17,16,16", "Center": "8,8" },
	"monitor_icon_grey_sneakers":  { "File": "Monitor icones.png", "Rect": "68,17,16,16", "Center": "8,8" },
	"monitor_icon_gold_shield":  { "File": "Monitor icones.png", "Rect": "102,17,16,16", "Center": "8,8" },
	"monitor_icon_ice_shield":  { "File": "Monitor icones.png", "Rect": "85,17,16,16", "Center": "8,8" },
	"monitor_icon_goggles":  { "File": "Monitor icones.png", "Rect": "119,17,16,16", "Center": "8,8" },
	"monitor_icon_wind_shield":  { "File": "Monitor icones.png", "Rect": "136,17,16,16", "Center": "8,8" },
	"monitor_icon_orbinaut_shield":  { "File": "Monitor icones.png", "Rect": "0,34,16,16", "Center": "8,8" },
	"monitor_icon_random":  { "File": "Monitor icones.png", "Rect": "34,34,16,16", "Center": "8,8" },
	"monitor_icon_random_ring":  { "File": "Monitor icones.png", "Rect": "17,34,16,16", "Center": "8,8" },
	"monitor_icon_hyper_ring":  { "File": "Monitor icones.png", "Rect": "34,17,16,16", "Center": "8,8" },
	"monitor_icon_eggrobo":  { "File": "Monitor icones.png", "Rect": "136,34,16,16", "Center": "8,8" },
	"monitor_icon_stone":  { "File": "Monitor icones.png", "Rect": "119,34,16,16", "Center": "8,8" },
	"monitor_icon_sonic":  { "File": "Monitor icones.png", "Rect": "51,34,16,16", "Center": "8,8" },
	"monitor_icon_tails":  { "File": "Monitor icones.png", "Rect": "68,34,16,16", "Center": "8,8" },
	"monitor_icon_knuckles":  { "File": "Monitor icones.png", "Rect": "85,34,16,16", "Center": "8,8" },
	"monitor_icon_super_sonic":  { "File": "Monitor icones.png", "Rect": "0,51,16,16", "Center": "8,8" },
	"monitor_icon_super_tails":  { "File": "Monitor icones.png", "Rect": "17,51,16,16", "Center": "8,8" },
	"monitor_icon_super_knuckles":  { "File": "Monitor icones.png", "Rect": "34,51,16,16", "Center": "8,8" },
	"monitor_icon_em_surprise":  { "File": "Monitor icones.png", "Rect": "51,51,16,16", "Center": "8,8" },
}