{
	"hud_lives_icon_sonic":  { "File": "hud_normal.png", "Rect": "0,0,53,17", "Center": "0,0" },
	"hud_lives_icon_tails":  { "File": "hud_normal.png", "Rect": "0,18,53,17", "Center": "0,0" },
	"hud_lives_icon_miles":  { "File": "hud_normal.png", "Rect": "0,18,53,17", "Center": "0,0" },
	"hud_lives_icon_sonic_tails":  { "File": "hud_normal.png", "Rect": "0,36,53,17", "Center": "6,0" },
	"hud_lives_icon_sonic_miles":  { "File": "hud_normal.png", "Rect": "0,36,53,17", "Center": "6,0" },
	"encore_icon_sonic":  { "File": "hud_normal.png", "Rect": "0,0,18,17", "Center": "0,0" },
	"encore_icon_tails":  { "File": "hud_normal.png", "Rect": "0,18,18,17", "Center": "0,0" },
	"soniccont":  { "File": "hud_continue.png", "Rect": "0,0,20,26", "Center": "13,12" },
	"tailscont":  { "File": "hud_continue.png", "Rect": "21,0,22,26", "Center": "14,12" },
	"hud_lives_icon_super_sonic":  { "File": "hud_super_icons.bmp", "Rect": "0,0,53,17", "Center": "0,1" },
	"hud_lives_icon_super_tails":  { "File": "hud_super_icons.bmp", "Rect": "0,20,53,16", "Center": "0,-1" },
	"hud_lives_icon_super_miles":  { "File": "hud_super.png", "Rect": "0,19,53,17", "Center": "0,0" },
	"hud_lives_icon_super_sonic-png":  { "File": "hud_super_border.png", "Rect": "0,0,53,18", "Center": "0,1" },
	"hud_lives_icon_super_tails-png":  { "File": "hud_super_border.png", "Rect": "0,19,53,17", "Center": "0,0" },
	"hud_smalldigit_0":  { "File": "huddy_numberssy.png", "Rect": "0,0,9,14", "Center": "-1,5" },
	"hud_smalldigit_1":  { "File": "huddy_numberssy.png", "Rect": "10,0,9,14", "Center": "-1,5" },
	"hud_smalldigit_2":  { "File": "huddy_numberssy.png", "Rect": "20,0,9,14", "Center": "-1,5" },
	"hud_smalldigit_3":  { "File": "huddy_numberssy.png", "Rect": "30,0,9,14", "Center": "-1,5" },
	"hud_smalldigit_4":  { "File": "huddy_numberssy.png", "Rect": "40,0,9,14", "Center": "-1,5" },
	"hud_smalldigit_5":  { "File": "huddy_numberssy.png", "Rect": "50,0,9,14", "Center": "-1,5" },
	"hud_smalldigit_6":  { "File": "huddy_numberssy.png", "Rect": "60,0,9,14", "Center": "-1,5" },
	"hud_smalldigit_7":  { "File": "huddy_numberssy.png", "Rect": "70,0,9,14", "Center": "-1,5" },
	"hud_smalldigit_8":  { "File": "huddy_numberssy.png", "Rect": "80,0,9,14", "Center": "-1,5" },
	"hud_smalldigit_9":  { "File": "huddy_numberssy.png", "Rect": "90,0,9,14", "Center": "-1,5" }
}