{
	"signs_0x00":  { "File": "Signposts.png", "Rect": "0,0,48,32", "Center": "24,16" },
	"signs_anim_sonic_0x00":  { "File": "Signposts.png", "Rect": "0,42,48,32", "Center": "24,16" },
	"signs_anim_sonic_0x01":  { "File": "Signposts.png", "Rect": "0,75,48,32", "Center": "24,16" },
	"signs_anim_sonic_0x02":  { "File": "Signposts.png", "Rect": "0,108,48,32", "Center": "24,16" },
	"signs_anim_sonic_0x03":  { "File": "Signposts.png", "Rect": "0,141,48,32", "Center": "24,16" },
	"signs_0x01":  { "File": "Signposts.png", "Rect": "49,0,48,32", "Center": "24,16" },
	"signs_anim_tails_0x00":  { "File": "Signposts.png", "Rect": "49,42,48,32", "Center": "24,16" },
	"signs_anim_tails_0x01":  { "File": "Signposts.png", "Rect": "49,75,48,32", "Center": "24,16" },
	"signs_anim_tails_0x02":  { "File": "Signposts.png", "Rect": "49,108,48,32", "Center": "24,16" },
	"signs_anim_tails_0x03":  { "File": "Signposts.png", "Rect": "49,141,48,32", "Center": "24,16" }
}