{
	"character_supersonic_standing_0x00":  { "File": "character_sonic2.bmp", "Rect": "0,510,48,48", "Center": "24,28" },
	"character_supersonic_standing_0x01":  { "File": "character_sonic2.bmp", "Rect": "49,510,48,48", "Center": "24,28" },
	"character_supersonic_standing_0x02":  { "File": "character_sonic2.bmp", "Rect": "98,510,48,48", "Center": "24,28" },
	"character_supersonic_standing_0x03":  { "File": "character_sonic2.bmp", "Rect": "147,510,48,48", "Center": "24,28" },
	"character_supersonic_standing_0x04":  { "File": "character_sonic2.bmp", "Rect": "0,510,48,48", "Center": "24,28" },
	"character_supersonic_standing_0x05":  { "File": "character_sonic2.bmp", "Rect": "49,510,48,48", "Center": "24,28" },
	"character_supersonic_standing_0x06":  { "File": "character_sonic2.bmp", "Rect": "98,510,48,48", "Center": "24,28" },
	"character_supersonic_standing_0x07":  { "File": "character_sonic2.bmp", "Rect": "147,510,48,48", "Center": "24,28" },
	"character_supersonic_standing_0x08":  { "File": "character_sonic2.bmp", "Rect": "196,510,48,48", "Center": "24,28" },
	"character_supersonic_standing_0x09":  { "File": "character_sonic2.bmp", "Rect": "245,510,48,48", "Center": "24,28" },
	"character_supersonic_standing_0x0a":  { "File": "character_sonic2.bmp", "Rect": "294,510,48,48", "Center": "24,28" },
	"character_supersonic_standing_0x0b":  { "File": "character_sonic2.bmp", "Rect": "343,510,48,48", "Center": "24,28" },
	"character_supersonic_standing_0x0c":  { "File": "character_sonic2.bmp", "Rect": "392,510,48,48", "Center": "24,28" },
	"character_supersonic_standing_0x0d":  { "File": "character_sonic2.bmp", "Rect": "343,510,48,48", "Center": "24,28" },
	"character_supersonic_standing_0x0e":  { "File": "character_sonic2.bmp", "Rect": "392,510,48,48", "Center": "24,28" },
	"character_supersonic_standing_0x0f":  { "File": "character_sonic2.bmp", "Rect": "343,510,48,48", "Center": "24,28" },
	"character_supersonic_standing_0x10":  { "File": "character_sonic2.bmp", "Rect": "392,510,48,48", "Center": "24,28" },
	"character_supersonic_standing_0x11":  { "File": "character_sonic2.bmp", "Rect": "343,510,48,48", "Center": "24,28" },
	"character_supersonic_standing_0x12":  { "File": "character_sonic2.bmp", "Rect": "392,510,48,48", "Center": "24,28" },
	"character_supersonic_standing_0x13":  { "File": "character_sonic2.bmp", "Rect": "343,510,48,48", "Center": "24,28" },
	"character_supersonic_standing_0x14":  { "File": "character_sonic2.bmp", "Rect": "392,510,48,48", "Center": "24,28" },
	"character_supersonic_standing_0x15":  { "File": "character_sonic2.bmp", "Rect": "343,510,48,48", "Center": "24,28" },
	"character_supersonic_standing_0x16":  { "File": "character_sonic2.bmp", "Rect": "294,510,48,48", "Center": "24,28" },
	"character_supersonic_standing_0x17":  { "File": "character_sonic2.bmp", "Rect": "196,510,48,48", "Center": "24,28" },
}