{
	"monitor_icon_chaos_emerald_1":  { "File": "Chaos Monitor icones.png", "Rect": "0,0,16,16", "Center": "8,8" },
	"monitor_icon_chaos_emerald_2":  { "File": "Chaos Monitor icones.png", "Rect": "16,0,16,16", "Center": "8,8" },
	"monitor_icon_chaos_emerald_3":  { "File": "Chaos Monitor icones.png", "Rect": "32,0,16,16", "Center": "8,8" },
	"monitor_icon_chaos_emerald_4":  { "File": "Chaos Monitor icones.png", "Rect": "48,0,16,16", "Center": "8,8" },
	"monitor_icon_chaos_emerald_5":  { "File": "Chaos Monitor icones.png", "Rect": "64,0,16,16", "Center": "8,8" },
	"monitor_icon_chaos_emerald_6":  { "File": "Chaos Monitor icones.png", "Rect": "80,0,16,16", "Center": "8,8" },
	"monitor_icon_chaos_emerald_7":  { "File": "Chaos Monitor icones.png", "Rect": "96,0,16,16", "Center": "8,8" },
	"chaos_seperator":  { "File": "Chaos Emerald Monitor Icons.png", "Rect": "96,0,16,16", "Center": "8,8" },
	"monitor_icon_super_emerald_1":  { "File": "Chaos Monitor icones.png", "Rect": "0,17,16,16", "Center": "8,8" },
	"monitor_icon_super_emerald_2":  { "File": "Chaos Monitor icones.png", "Rect": "16,17,16,16", "Center": "8,8" },
	"monitor_icon_super_emerald_3":  { "File": "Chaos Monitor icones.png", "Rect": "32,17,16,16", "Center": "8,8" },
	"monitor_icon_super_emerald_4":  { "File": "Chaos Monitor icones.png", "Rect": "48,17,16,16", "Center": "8,8" },
	"monitor_icon_super_emerald_5":  { "File": "Chaos Monitor icones.png", "Rect": "64,17,16,16", "Center": "8,8" },
	"monitor_icon_super_emerald_6":  { "File": "Chaos Monitor icones.png", "Rect": "80,17,16,16", "Center": "8,8" },
	"monitor_icon_super_emerald_7":  { "File": "Chaos Monitor icones.png", "Rect": "96,17,16,16", "Center": "8,8" }
}