{
	"blue_hud_digit_0":  { "File": "hyper_numberes.png", "Rect": "0,0,9,14", "Center": "0,0" },
	"blue_hud_digit_1":  { "File": "hyper_numberes.png", "Rect": "10,0,9,14", "Center": "0,0" },
	"blue_hud_digit_2":  { "File": "hyper_numberes.png", "Rect": "20,0,9,14", "Center": "0,0" },
	"blue_hud_digit_3":  { "File": "hyper_numberes.png", "Rect": "30,0,9,14", "Center": "0,0" },
	"blue_hud_digit_4":  { "File": "hyper_numberes.png", "Rect": "40,0,9,14", "Center": "0,0" },
	"blue_hud_digit_5":  { "File": "hyper_numberes.png", "Rect": "50,0,9,14", "Center": "0,0" },
	"blue_hud_digit_6":  { "File": "hyper_numberes.png", "Rect": "60,0,9,14", "Center": "0,0" },
	"blue_hud_digit_7":  { "File": "hyper_numberes.png", "Rect": "70,0,9,14", "Center": "0,0" },
	"blue_hud_digit_8":  { "File": "hyper_numberes.png", "Rect": "80,0,9,14", "Center": "0,0" },
	"blue_hud_digit_9":  { "File": "hyper_numberes.png", "Rect": "90,0,9,14", "Center": "0,0" },
	"hyper_ring_icon":  { "File": "hyper_numberes.png", "Rect": "100,0,14,14", "Center": "7,-1" }
}