{
	// Super //
	"hud_lives_icon_sonic_super":    { "File": "super_hyper.png", "Rect": "0,0,48,24" ,    "Center": "0,8" },
	"hud_lives_icon_tails_super":    { "File": "super_hyper.png", "Rect": "0,25,48,24" ,   "Center": "0,8" },
	"hud_lives_icon_knuckles_super": { "File": "super_hyper.png", "Rect": "0,50,48,24" ,   "Center": "3,8" },
	"hud_lives_icon_miles_super":    { "File": "super_hyper.png", "Rect": "0,25,48,24" ,   "Center": "0,8" },

	// Hyper //
	"hud_lives_icon_sonic_hyper":    { "File": "super_hyper.png", "Rect": "49,0,48,24" ,   "Center": "0,8" },
	"hud_lives_icon_tails_hyper":    { "File": "super_hyper.png", "Rect": "49,25,48,24" ,  "Center": "0,8" },
	"hud_lives_icon_knuckles_hyper": { "File": "super_hyper.png", "Rect": "49,50,48,24" ,  "Center": "3,8" },
	"hud_lives_icon_miles_hyper":    { "File": "super_hyper.png", "Rect": "49,25,48,24" ,  "Center": "0,8" },
}
