{
	"hud_lives_icon_super_sonic":        { "File": "Sonic.bmp", "Rect": "0,0,48,24" ,    "Center": "0,8" },
	"hud_lives_icon_super_sonic-png":    { "File": "Sonic.png", "Rect": "0,0,48,24" ,    "Center": "0,8" },

	"hud_lives_icon_super_tails":        { "File": "Miles.bmp", "Rect": "0,0,48,24" ,    "Center": "0,8" },
	"hud_lives_icon_super_tails-png":    { "File": "Miles.png", "Rect": "0,0,48,24" ,    "Center": "0,8" },

	"hud_lives_icon_super_knuckles":     { "File": "Knux.bmp", "Rect": "0,0,48,24" ,     "Center": "3,8" },
	"hud_lives_icon_super_knuckles-png": { "File": "Knux.png", "Rect": "0,0,48,24" ,     "Center": "3,8" },

	"hud_lives_icon_super_miles":        { "File": "Miles.bmp", "Rect": "0,0,48,24" ,    "Center": "0,8" },
	"hud_lives_icon_super_miles-png":    { "File": "Miles.png", "Rect": "0,0,48,24" ,    "Center": "0,8" },

	"hud_smalldigit_0": { "File": "N U M B E R S.png", "Rect": "0,0,8,8" },
	"hud_smalldigit_1": { "File": "N U M B E R S.png", "Rect": "8,0,8,8" },
	"hud_smalldigit_2": { "File": "N U M B E R S.png", "Rect": "16,0,8,8" },
	"hud_smalldigit_3": { "File": "N U M B E R S.png", "Rect": "24,0,8,8" },
	"hud_smalldigit_4": { "File": "N U M B E R S.png", "Rect": "32,0,8,8" },
	"hud_smalldigit_5": { "File": "N U M B E R S.png", "Rect": "0,8,8,8" },
	"hud_smalldigit_6": { "File": "N U M B E R S.png", "Rect": "8,8,8,8" },
	"hud_smalldigit_7": { "File": "N U M B E R S.png", "Rect": "16,8,8,8" },
	"hud_smalldigit_8": { "File": "N U M B E R S.png", "Rect": "24,8,8,8" },
	"hud_smalldigit_9": { "File": "N U M B E R S.png", "Rect": "32,8,8,8" },
}
