{
	"monitor_icon_speedshoes":  { "File": "Icons.png", "Rect": "0,0,16,16", "Center": "8,8" },
	"monitor_icon_invincibility":  { "File": "Icons.png", "Rect": "17,0,16,16", "Center": "8,8" },
	"monitor_icon_super":  { "File": "Icons.png", "Rect": "34,0,16,16", "Center": "8,8" },
	"monitor_icon_lightningshield":  { "File": "Icons.png", "Rect": "51,0,16,16", "Center": "8,8" },
	"monitor_icon_fireshield":  { "File": "Icons.png", "Rect": "68,0,16,16", "Center": "8,8" },
	"monitor_icon_bubbleshield":  { "File": "Icons.png", "Rect": "85,0,16,16", "Center": "8,8" },
	"monitor_icon_classicshield":  { "File": "Icons.png", "Rect": "102,0,16,16", "Center": "8,8" }
}