{
	"knux_fastrun_0":      { "File": "newknux.bmp",   "Rect": "0,0,48,48",   	"Center": "30,28" },
	"knux_fastrun_1":      { "File": "newknux.bmp",   "Rect": "49,0,48,48",  	"Center": "30,28" },
	"knux_fastrun_2":      { "File": "newknux.bmp",   "Rect": "98,0,48,48",  	"Center": "30,28" },
	"knux_fastrun_3":      { "File": "newknux.bmp",   "Rect": "147,0,48,48", 	"Center": "30,28" },
	"knux_superflight_0":  { "File": "superknux.bmp", "Rect": "0,0,48,48",  	"Center": "30,28" },
	"knux_superflight_1":  { "File": "superknux.bmp", "Rect": "49,0,48,48", 	"Center": "30,28" },
}