{
	"Metadata":
	{
		"Name": "Someone & Knux's Styled Chars",
		"UniqueID": "t-blue-n-orange",
		"Author": "Someone & Knuckles",
		"Description": "Adds A New Style For Sonic & Miles",
		"ModVersion": "3.0"
	},
	"Settings":
	{
	    "Settings":
		[
			{
				"InternalName": "SonPal",
				"DisplayName": "Hyper Sonic Palette",
				"Variable": "SonicPal",
				"DefaultValue": "0x0",
				"Category": "Palettes",			
				"Options":
				{
					"0x0": "Ultra Sonic (Default)",
					"0x1": "Miracle Sonic",
					"0x2": "Hyper Sonic",
					"0x3": "True Hyper Sonic"
            			}
	        	},
			{
				"InternalName": "TaiPal",
				"DisplayName": "Hyper Tails Palette",
				"Variable": "TailsPal",
				"DefaultValue": "0x0",
				"Category": "Palettes",			
				"Options":
				{
					"0x0": "Ultra Tails (Default)",
					"0x1": "Miracle Tails",
					"0x2": "Hyper Tails",
					"0x3": "True Hyper Tails"
            			}
	        	},
		]
	},
	"OtherMods":
	{
		"ExtraSuperFormsBaseMod":
		{
			"DisplayName": "Extra Super Forms",
			"IsRequired": "0",
			"Priority": "Higher"
	    	},
		"Extra Save Slots":
		{
			"DisplayName": "Extra Save Slots",
			"IsRequired": "0",
			"Priority": "Lower"
	    	},
	    	"Arifkunviid's Miles":
	    	{
	        	"DisplayName": "Arifkunviid's Miles",
	        	"IsRequired": "1",
	        	"Priority": "Lower"
	    	},
		"eror-pal":
		{
			"DisplayName": "Someone & Knux's Styled Chars (Palette)",
			"IsRequired": "0",
			"Priority": "Higher"
	    	},
	}
}
