{
	"Metadata":
	{
		"Name": " Expanded Hud Encore But Miles",
		"Author": "Someone & Knuckles",
		"Description": "Miles Icon That's It Just Use It I Don't Know What I Can Tell You...
Well Maybe About My Life So This morning, just like every day, I wake up. My cell phone alarm goes off. The winter cold forces me to stay inside the covers. If sleeping were a job, how good it would be.

I just get up when the noise has stopped. I think about the things that need to be done today.  Drawings, checking email, read a book, a date with friends, cleaning my room, learning a program, having breakfast, writing on the blog, bathing aerosols... I'm sure what I'll do about all of those things. only a few out of obligation and others for fun.

Maybe today will be the time when I decide to complete Mania Animations. Maybe if the day had more hours, if the laziness left my body, if I decided to make real decisions and be more organized than yesterday.

Even with those wishes, I have failed myself once again. Plans have been delayed and I will have to walk through them for another hour.",
		"ModVersion": "1.0"
	}
}
