{
	"tails_3dlookup_0_0":  { "File": "tails_3dcrouchlookdown.bmp", "Rect": "76,34,26,32", "Center": "16,16" },
	"tails_3dlookup_0_1":  { "File": "tails_3dcrouchlookdown.bmp", "Rect": "50,34,25,32", "Center": "13,16" },
	"tails_3dlookup_0_2":  { "File": "tails_3dcrouchlookdown.bmp", "Rect": "24,34,25,32", "Center": "13,16" },
	"tails_3dlookup_0_3":  { "File": "tails_3dcrouchlookdown.bmp", "Rect": "1,34,22,32", "Center": "10,16" },
	"tails_3dlookup_0_4":  { "File": "tails_3dcrouchlookdown.bmp", "Rect": "204,35,27,31", "Center": "13,15" },
	"tails_3dlookup_0_5":  { "File": "tails_3dcrouchlookdown.bmp", "Rect": "178,34,25,32", "Center": "12,16" },
	"tails_3dlookup_0_6":  { "File": "tails_3dcrouchlookdown.bmp", "Rect": "154,34,23,32", "Center": "13,16" },
	"tails_3dlookup_1_0":  { "File": "tails_3dcrouchlookup.bmp", "Rect": "76,24,26,32", "Center": "16,16" },
	"tails_3dlookup_1_1":  { "File": "tails_3dcrouchlookup.bmp", "Rect": "50,24,25,32", "Center": "13,16" },
	"tails_3dlookup_1_2":  { "File": "tails_3dcrouchlookup.bmp", "Rect": "24,24,25,32", "Center": "13,16" },
	"tails_3dlookup_1_3":  { "File": "tails_3dcrouchlookup.bmp", "Rect": "1,24,22,32", "Center": "10,16" },
	"tails_3dlookup_1_4":  { "File": "tails_3dcrouchlookup.bmp", "Rect": "204,25,27,31", "Center": "13,15" },
	"tails_3dlookup_1_5":  { "File": "tails_3dcrouchlookup.bmp", "Rect": "178,24,25,32", "Center": "12,16" },
	"tails_3dlookup_1_6":  { "File": "tails_3dcrouchlookup.bmp", "Rect": "154,24,23,32", "Center": "13,16" },
	"tails_3dcrouch_0_0":  { "File": "tails_3dcrouchlookdown.bmp", "Rect": "79,3,34,29", "Center": "15,13" },
	"tails_3dcrouch_0_1":  { "File": "tails_3dcrouchlookdown.bmp", "Rect": "49,2,29,30", "Center": "14,14" },
	"tails_3dcrouch_0_2":  { "File": "tails_3dcrouchlookdown.bmp", "Rect": "24,2,24,30", "Center": "11,14" },
	"tails_3dcrouch_0_3":  { "File": "tails_3dcrouchlookdown.bmp", "Rect": "0,2,22,30", "Center": "11,14" },
	"tails_3dcrouch_0_4":  { "File": "tails_3dcrouchlookdown.bmp", "Rect": "221,2,30,30", "Center": "14,14" },
	"tails_3dcrouch_0_5":  { "File": "tails_3dcrouchlookdown.bmp", "Rect": "196,2,24,30", "Center": "11,14" },
	"tails_3dcrouch_0_6":  { "File": "tails_3dcrouchlookdown.bmp", "Rect": "171,2,22,30", "Center": "11,14" },
	"tails_3dcrouch_1_0":  { "File": "tails_3dcrouchlookup.bmp", "Rect": "79,1,35,22", "Center": "15,6" },
	"tails_3dcrouch_1_1":  { "File": "tails_3dcrouchlookup.bmp", "Rect": "49,2,29,21", "Center": "14,5" },
	"tails_3dcrouch_1_2":  { "File": "tails_3dcrouchlookup.bmp", "Rect": "24,2,24,21", "Center": "12,5" },
	"tails_3dcrouch_1_3":  { "File": "tails_3dcrouchlookup.bmp", "Rect": "1,2,22,21", "Center": "11,5" },
	"tails_3dcrouch_1_4":  { "File": "tails_3dcrouchlookup.bmp", "Rect": "219,2,30,21", "Center": "14,5" },
	"tails_3dcrouch_1_5":  { "File": "tails_3dcrouchlookup.bmp", "Rect": "194,2,24,21", "Center": "11,5" },
	"tails_3dcrouch_1_6":  { "File": "tails_3dcrouchlookup.bmp", "Rect": "171,2,22,21", "Center": "11,5" }
}