{
	"superem0":  { "File": "superemeralds.png", "Rect": "148,1,48,32", "Center": "24,16" },
	"superem1":  { "File": "superemeralds.png", "Rect": "99,1,48,32", "Center": "24,16" },
	"superem2":  { "File": "superemeralds.png", "Rect": "197,1,48,32", "Center": "24,16" },
	"superem3":  { "File": "superemeralds.png", "Rect": "50,1,48,32", "Center": "24,16" },
	"superem4":  { "File": "superemeralds.png", "Rect": "246,1,48,32", "Center": "24,16" },
	"superem5":  { "File": "superemeralds.png", "Rect": "1,1,48,32", "Center": "24,16" },
	"superem6":  { "File": "superemeralds.png", "Rect": "295,1,48,32", "Center": "24,16" },
	"superglow":  { "File": "glow.png", "Rect": "0,0,64,48", "Center": "32,24" }
}