{
	// Warning: These sprites are experimental and likely subject to change in the future
	//Buttons

	"touch_overlay_A":			{ "File": "touch_overlay.png", "Rect": "  0,  0,172,171", "Center": "88,88" },
	"touch_overlay_B":			{ "File": "touch_overlay.png", "Rect": "176,  0,172,171", "Center": "88,88" },
	"touch_overlay_X":			{ "File": "touch_overlay.png", "Rect": "353,  0,172,171", "Center": "88,88" },
	"touch_overlay_Y":			{ "File": "touch_overlay.png", "Rect": "529,  0,172,171", "Center": "88,88" },
	"touch_overlay_left":	        	{ "File": "touch_overlay.png", "Rect": "  0,299,186,103", "Center": "95,53" },
	"touch_overlay_right":	        	{ "File": "touch_overlay.png", "Rect": "191,299,186,103", "Center": "95,53" },
	"touch_overlay_up":			{ "File": "touch_overlay.png", "Rect": "490,299,103,186", "Center": "53,95" },
	"touch_overlay_down":	        	{ "File": "touch_overlay.png", "Rect": "382,299,103,186", "Center": "53,95" },
	"touch_overlay_start":	        	{ "File": "touch_overlay.png", "Rect": "  0,176,358,118", "Center": "183,60" },
	"touch_overlay_rec":	        	{ "File": "touch_overlay.png", "Rect": "363,176,225,118", "Center": "100,60" },
	//Touched

	"touch_overlay_A_hl":				{ "File": "touch_overlay_highlight.png", "Rect": "  0,  0,172,171", "Center": "88,88" },
	"touch_overlay_B_hl":				{ "File": "touch_overlay_highlight.png", "Rect": "176,  0,172,171", "Center": "88,88" },
	"touch_overlay_X_hl":				{ "File": "touch_overlay_highlight.png", "Rect": "353,  0,172,171", "Center": "88,88" },
	"touch_overlay_Y_hl":				{ "File": "touch_overlay_highlight.png", "Rect": "529,  0,172,171", "Center": "88,88" },
	"touch_overlay_left_hl":	        	{ "File": "touch_overlay_highlight.png", "Rect": "  0,299,186,103", "Center": "95,53" },
	"touch_overlay_right_hl":	        	{ "File": "touch_overlay_highlight.png", "Rect": "191,299,186,103", "Center": "95,53" },
	"touch_overlay_up_hl":				{ "File": "touch_overlay_highlight.png", "Rect": "490,299,103,186", "Center": "53,95" },
	"touch_overlay_down_hl":	        	{ "File": "touch_overlay_highlight.png", "Rect": "382,299,103,186", "Center": "53,95" },
	"touch_overlay_start_hl":	        	{ "File": "touch_overlay_highlight.png", "Rect": "  0,176,358,118", "Center": "183,60" },
	"touch_overlay_rec_hl":	        		{ "File": "touch_overlay_highlight.png", "Rect": "363,176,225,118", "Center": "100,60" },
}