{

	// Tails/Miles Partner Hud
	"hud_lives_icon_sonic_tails":  { "File": "hud_sonic_miles.png", "Rect": "0,0,53,17", "Center": "0,0" },
	"hud_lives_icon_sonic_miles":  { "File": "hud_sonic_miles.png", "Rect": "0,0,53,17", "Center": "0,0" },
	"hud_lives_icon_knux_tails":  { "File": "hud_knux_miles.png", "Rect": "0,0,53,17", "Center": "0,0" },
	"hud_lives_icon_knux_miles":  { "File": "hud_knux_miles.png", "Rect": "0,0,53,17", "Center": "0,0" },

	// Continues Hud
	"soniccont":  { "File": "Continue.png", "Rect": "0,0,17,26", "Center": "10,12" },
	"tailscont":  { "File": "Continue.png", "Rect": "18,0,17,26", "Center": "10,12" },
	"knuxcont":  { "File": "Continue.png", "Rect": "36,0,17,26", "Center": "10,12" },

	// Encore Mode Switching
	"encore_icon_sonic":  { "File": "encore_S.png", "Rect": "0,0,18,18", "Center": "0,0" },
	"encore_icon_tails":  { "File": "encore_M.png", "Rect": "0,0,18,18", "Center": "0,0" },
	"encore_icon_knuckles":  { "File": "encore_K.png", "Rect": "0,0,18,18", "Center": "0,0" },

	// Lives
	"hud_lives_icon_sonic":  { "File": "hud_sonic.png", "Rect": "0,0,53,17", "Center": "0,0" },
	"hud_lives_icon_knuckles":  { "File": "hud_knux.png", "Rect": "0,0,53,17", "Center": "0,0" },
	"hud_lives_icon_tails":  { "File": "hud_tails.png", "Rect": "0,0,53,17", "Center": "0,0" },
	"hud_lives_icon_miles":  { "File": "hud_tails.png", "Rect": "0,0,53,17", "Center": "0,0" },

	// Lives Digits
	"hud_smalldigit_0":  { "File": "huddy_numberssy.png", "Rect": "0,0,9,14", "Center": "-1,5" },
	"hud_smalldigit_1":  { "File": "huddy_numberssy.png", "Rect": "10,0,9,14", "Center": "-1,5" },
	"hud_smalldigit_2":  { "File": "huddy_numberssy.png", "Rect": "20,0,9,14", "Center": "-1,5" },
	"hud_smalldigit_3":  { "File": "huddy_numberssy.png", "Rect": "30,0,9,14", "Center": "-1,5" },
	"hud_smalldigit_4":  { "File": "huddy_numberssy.png", "Rect": "40,0,9,14", "Center": "-1,5" },
	"hud_smalldigit_5":  { "File": "huddy_numberssy.png", "Rect": "50,0,9,14", "Center": "-1,5" },
	"hud_smalldigit_6":  { "File": "huddy_numberssy.png", "Rect": "60,0,9,14", "Center": "-1,5" },
	"hud_smalldigit_7":  { "File": "huddy_numberssy.png", "Rect": "70,0,9,14", "Center": "-1,5" },
	"hud_smalldigit_8":  { "File": "huddy_numberssy.png", "Rect": "80,0,9,14", "Center": "-1,5" },
	"hud_smalldigit_9":  { "File": "huddy_numberssy.png", "Rect": "90,0,9,14", "Center": "-1,5" },

	// Drop Dash
	"sonic_dropdash_0":  { "File": "character_sonic_dropdash.bmp", "Rect": "0,0,32,32", "Center": "16,16" },
	"sonic_dropdash_1":  { "File": "character_sonic_dropdash.bmp", "Rect": "31,0,32,32", "Center": "16,16" },

	// Hud Stuff
	"hud_text_score":  { "File": "hudded.png", "Rect": "1,1,41,14", "Center": "1,0" },
	"hud_text_time":  { "File": "hudded.png", "Rect": "43,1,33,14", "Center": "1,0" },
	"hud_text_time_red":  { "File": "hudded.png", "Rect": "43,16,33,14", "Center": "1,0" },
	"hud_text_rings":  { "File": "hudded.png", "Rect": "77,1,41,14", "Center": "1,0" },
	"hud_text_rings_red":  { "File": "hudded.png", "Rect": "77,16,41,14", "Center": "1,0" },
	"hud_text_total":  { "File": "hudded.png", "Rect": "1,16,41,14", "Center": "1,0" },
	"hud_text_ring":  { "File": "hudded.png", "Rect": "45,31,33,14", "Center": "1,0" },
	"hud_text_bonus":  { "File": "hudded.png", "Rect": "1,31,43,14", "Center": "1,0" },

	// Hud Digits
	"hud_digit_0":  { "File": "hudded_numbers.png", "Rect": "0,0,9,14", "Center": "0,0" },
	"hud_digit_1":  { "File": "hudded_numbers.png", "Rect": "10,0,9,14", "Center": "0,0" },
	"hud_digit_2":  { "File": "hudded_numbers.png", "Rect": "20,0,9,14", "Center": "0,0" },
	"hud_digit_3":  { "File": "hudded_numbers.png", "Rect": "30,0,9,14", "Center": "0,0" },
	"hud_digit_4":  { "File": "hudded_numbers.png", "Rect": "40,0,9,14", "Center": "0,0" },
	"hud_digit_5":  { "File": "hudded_numbers.png", "Rect": "50,0,9,14", "Center": "0,0" },
	"hud_digit_6":  { "File": "hudded_numbers.png", "Rect": "60,0,9,14", "Center": "0,0" },
	"hud_digit_7":  { "File": "hudded_numbers.png", "Rect": "70,0,9,14", "Center": "0,0" },
	"hud_digit_8":  { "File": "hudded_numbers.png", "Rect": "80,0,9,14", "Center": "0,0" },
	"hud_digit_9":  { "File": "hudded_numbers.png", "Rect": "90,0,9,14", "Center": "0,0" },

	// Other characters for time
	"hud_char_colon":   { "File": "hudded_numbers2.png", "Rect": "0,0,9,14", "Center": "0,0" },
	"hud_char_minutes": { "File": "hudded_numbers2.png", "Rect": "10,0,9,14", "Center": "0,0" },
	"hud_char_seconds": { "File": "hudded_numbers2.png", "Rect": "20,0,9,14", "Center": "0,0" },

	// Extra Save Slots
	"ESS_SaveBox":  { "File": "SaveBox.png", "Rect": "0,0,90,178", "Center": "0,-12" },
	"ESS_SaveBox_tag":  { "File": "SaveBox.png", "Rect": "91,52,90,11", "Center": "0,0" },
	"ESS_NoSaveBox":  { "File": "SaveBox.png", "Rect": "0,179,90,62", "Center": "0,-12" },
	"ESS_NoSaveBox_tag":  { "File": "SaveBox.png", "Rect": "91,63,90,11", "Center": "0,0" },
	"ESS_charbgcolor":  { "File": "SaveBox.png", "Rect": "91,0,84,49", "Center": "0,0" },
	"ESS_EggBox":  { "File": "eggybox.png", "Rect": "0,12,90,68", "Center": "0,-24" },
	"ESS_EggBox_tag":  { "File": "eggybox.png", "Rect": "0,0,90,12", "Center": "0,-12" },
	"ESS_Eggsplosive_0":  { "File": "eggsplosive.png", "Rect": "0,0,32,48", "Center": "16,48" },
	"ESS_Eggsplosive_1":  { "File": "eggsplosive.png", "Rect": "32,0,32,48", "Center": "16,48" },
	"ESS_Eggsplosive_2":  { "File": "eggsplosive.png", "Rect": "64,0,32,48", "Center": "16,48" },

	//Icons
	"ESS_Zone_Err":  { "File": "ZoneIcons_Finished.png", "Rect": "324,0,80,56", "Center": "40,28" },
	"ESS_Zone_New":  { "File": "ZoneIcon_new.png", "Rect": "0,0,80,56", "Center": "40,28" },
	"ESS_Zone_Sonic_0":  { "File": "ZoneIcons_Finished.png", "Rect": "0,0,80,56", "Center": "40,28" },
	"ESS_Zone_Sonic_1":  { "File": "ZoneIcons_Finished.png", "Rect": "0,57,80,56", "Center": "40,28" },
	"ESS_Zone_Sonic_2":  { "File": "ZoneIcons_Finished.png", "Rect": "0,114,80,56", "Center": "40,28" },
	"ESS_Zone_Tails_0":  { "File": "ZoneIcons_Finished.png", "Rect": "81,0,80,56", "Center": "40,28" },
	"ESS_Zone_Tails_1":  { "File": "ZoneIcons_Finished.png", "Rect": "81,57,80,56", "Center": "40,28" },
	"ESS_Zone_Tails_2":  { "File": "ZoneIcons_Finished.png", "Rect": "81,114,80,56", "Center": "40,28" },
	"ESS_Zone_Knuckles_0":  { "File": "ZoneIcons_Finished.png", "Rect": "162,0,80,56", "Center": "40,28" },
	"ESS_Zone_Knuckles_1":  { "File": "ZoneIcons_Finished.png", "Rect": "162,57,80,56", "Center": "40,28" },
	"ESS_Zone_Knuckles_2":  { "File": "ZoneIcons_Finished.png", "Rect": "162,114,80,56", "Center": "40,28" },
	"ESS_Zone_Es1_0":  { "File": "ZoneIcons_Finished_ES.png", "Rect": "0,0,80,56", "Center": "40,28" },
	"ESS_Zone_Es1_1":  { "File": "ZoneIcons_Finished_ES.png", "Rect": "0,57,80,56", "Center": "40,28" },
	"ESS_Zone_Es1_2":  { "File": "ZoneIcons_Finished_ES.png", "Rect": "0,114,80,56", "Center": "40,28" },
	"ESS_Zone_Es2_0":  { "File": "ZoneIcons_Finished_ES.png", "Rect": "81,0,80,56", "Center": "40,28" },
	"ESS_Zone_Es2_1":  { "File": "ZoneIcons_Finished_ES.png", "Rect": "81,57,80,56", "Center": "40,28" },
	"ESS_Zone_Es2_2":  { "File": "ZoneIcons_Finished_ES.png", "Rect": "81,114,80,56", "Center": "40,28" },
	"ESS_Zone_Es3_0":  { "File": "ZoneIcons_Finished_ES.png", "Rect": "162,0,80,56", "Center": "40,28" },
	"ESS_Zone_Es3_1":  { "File": "ZoneIcons_Finished_ES.png", "Rect": "162,57,80,56", "Center": "40,28" },
	"ESS_Zone_Es3_2":  { "File": "ZoneIcons_Finished_ES.png", "Rect": "162,114,80,56", "Center": "40,28" },
	"ESS_Zone_Es5_0":  { "File": "ZoneIcons_Finished_ES.png", "Rect": "243,0,80,56", "Center": "40,28" },
	"ESS_Zone_Es5_1":  { "File": "ZoneIcons_Finished_ES.png", "Rect": "243,57,80,56", "Center": "40,28" },
	"ESS_Zone_Es5_2":  { "File": "ZoneIcons_Finished_ES.png", "Rect": "243,114,80,56", "Center": "40,28" },
	"ESS_Zone_Es168_0":  { "File": "ZoneIcons_Finished_ES.png", "Rect": "324,0,80,56", "Center": "40,28" },
	"ESS_Zone_Es168_1":  { "File": "ZoneIcons_Finished_ES.png", "Rect": "324,57,80,56", "Center": "40,28" },
	"ESS_Zone_Es168_2":  { "File": "ZoneIcons_Finished_ES.png", "Rect": "324,114,80,56", "Center": "40,28" },
	"ESS_Zone_Es175_0":  { "File": "ZoneIcons_Finished_ES.png", "Rect": "405,0,80,56", "Center": "40,28" },
	"ESS_Zone_Es175_1":  { "File": "ZoneIcons_Finished_ES.png", "Rect": "405,57,80,56", "Center": "40,28" },
	"ESS_Zone_Es175_2":  { "File": "ZoneIcons_Finished_ES.png", "Rect": "405,114,80,56", "Center": "40,28" },
	"ESS_Zone_Es169_0":  { "File": "ZoneIcons_Finished_ES.png", "Rect": "486,0,80,56", "Center": "40,28" },
	"ESS_Zone_Es169_1":  { "File": "ZoneIcons_Finished_ES.png", "Rect": "486,57,80,56", "Center": "40,28" },
	"ESS_Zone_Es169_2":  { "File": "ZoneIcons_Finished_ES.png", "Rect": "486,114,80,56", "Center": "40,28" },
	"ESS_Zone_Es19_0":  { "File": "ZoneIcons_Finished_ES.png", "Rect": "567,0,80,56", "Center": "40,28" },
	"ESS_Zone_Es19_1":  { "File": "ZoneIcons_Finished_ES.png", "Rect": "567,57,80,56", "Center": "40,28" },
	"ESS_Zone_Es19_2":  { "File": "ZoneIcons_Finished_ES.png", "Rect": "567,114,80,56", "Center": "40,28" },
	"ESS_Zone_Es10_0":  { "File": "ZoneIcons_Finished_ES.png", "Rect": "648,0,80,56", "Center": "40,28" },
	"ESS_Zone_Es10_1":  { "File": "ZoneIcons_Finished_ES.png", "Rect": "648,57,80,56", "Center": "40,28" },
	"ESS_Zone_Es10_2":  { "File": "ZoneIcons_Finished_ES.png", "Rect": "648,114,80,56", "Center": "40,28" },
	"ESS_Zone_Es35_0":  { "File": "ZoneIcons_Finished_ES.png", "Rect": "729,0,80,56", "Center": "40,28" },
	"ESS_Zone_Es35_1":  { "File": "ZoneIcons_Finished_ES.png", "Rect": "729,57,80,56", "Center": "40,28" },
	"ESS_Zone_Es35_2":  { "File": "ZoneIcons_Finished_ES.png", "Rect": "729,114,80,56", "Center": "40,28" }
}