{
	"Act1_S3":  { "File": "icons.png", "Rect": "0,0,68,33", "Center": "0,1" },
	"Act2_S3":  { "File": "icons.png", "Rect": "0,34,68,32", "Center": "0,0" },
	"Act2_SK":  { "File": "icons.png", "Rect": "0,67,68,32", "Center": "0,0" },
	"Act_HPZ":  { "File": "icons.png", "Rect": "69,1,65,32", "Center": "-4,0" },
	"Act_SSZ":  { "File": "icons.png", "Rect": "69,34,65,32", "Center": "-4,0" },
	"Act_DDZ":  { "File": "icons.png", "Rect": "69,67,65,34", "Center": "-6,2" },
	"icon_aiz1_component":  { "File": "iconss.png", "Rect": "8,25,49,32", "Center": "0,0" }
}