{
	"character_tails_0x01":  { "File": "character_tails.bmp", "Rect": "189,4,48,40", "Center": "34,21" },
	"character_tails_0x02":  { "File": "character_tails.bmp", "Rect": "241,7,46,33", "Center": "30,18" },
	"character_tails_0x03":  { "File": "character_tails.bmp", "Rect": "289,6,44,34", "Center": "29,19" },
	"character_tails_0x04":  { "File": "character_tails.bmp", "Rect": "335,7,46,35", "Center": "31,19" },
	"character_tails_0x05":  { "File": "character_tails.bmp", "Rect": "0,4,47,40", "Center": "32,20" },
	"character_tails_0x06":  { "File": "character_tails.bmp", "Rect": "48,7,46,33", "Center": "30,18" },
	"character_tails_0x07":  { "File": "character_tails.bmp", "Rect": "97,6,45,34", "Center": "30,18" },
	"character_tails_0x08":  { "File": "character_tails.bmp", "Rect": "144,6,45,35", "Center": "29,19" },
	"character_tails_0x09":  { "File": "character_tails.bmp", "Rect": "582,4,35,46", "Center": "16,16" },
	"character_tails_0x0a":  { "File": "character_tails.bmp", "Rect": "628,3,40,42", "Center": "17,17" },
	"character_tails_0x0b":  { "File": "character_tails.bmp", "Rect": "680,3,32,43", "Center": "16,17" },
	"character_tails_0x0c":  { "File": "character_tails.bmp", "Rect": "724,4,40,42", "Center": "21,22" },
	"character_tails_0x0d":  { "File": "character_tails.bmp", "Rect": "390,4,34,49", "Center": "16,21" },
	"character_tails_0x0e":  { "File": "character_tails.bmp", "Rect": "435,3,40,42", "Center": "16,17" },
	"character_tails_0x0f":  { "File": "character_tails.bmp", "Rect": "488,0,33,48", "Center": "17,22" },
	"character_tails_0x10":  { "File": "character_tails.bmp", "Rect": "532,4,40,42", "Center": "20,16" },
	"character_tails_0x11":  { "File": "character_tails.bmp", "Rect": "8,48,32,48", "Center": "15,15" },
	"character_tails_0x12":  { "File": "character_tails.bmp", "Rect": "55,48,32,46", "Center": "17,17" },
	"character_tails_0x13":  { "File": "character_tails.bmp", "Rect": "104,51,32,42", "Center": "16,14" },
	"character_tails_0x14":  { "File": "character_tails.bmp", "Rect": "152,51,33,42", "Center": "16,12" },
	"character_tails_0x15":  { "File": "character_tails.bmp", "Rect": "200,48,33,47", "Center": "16,15" },
	"character_tails_0x16":  { "File": "character_tails.bmp", "Rect": "247,46,32,46", "Center": "17,17" },
	"character_tails_0x17":  { "File": "character_tails.bmp", "Rect": "295,50,33,43", "Center": "17,15" },
	"character_tails_0x18":  { "File": "character_tails.bmp", "Rect": "344,53,34,38", "Center": "16,12" },
	"character_tails_0x19":  { "File": "character_tails.bmp", "Rect": "388,56,47,34", "Center": "19,17" },
	"character_tails_0x1a":  { "File": "character_tails.bmp", "Rect": "435,52,42,41", "Center": "16,24" },
	"character_tails_0x1b":  { "File": "character_tails.bmp", "Rect": "480,56,48,32", "Center": "23,16" },
	"character_tails_0x1c":  { "File": "character_tails.bmp", "Rect": "532,52,40,40", "Center": "18,22" },
	"character_tails_0x1d":  { "File": "character_tails.bmp", "Rect": "580,56,46,34", "Center": "17,17" },
	"character_tails_0x1e":  { "File": "character_tails.bmp", "Rect": "627,52,41,40", "Center": "17,23" },
	"character_tails_0x1f":  { "File": "character_tails.bmp", "Rect": "676,56,42,32", "Center": "16,15" },
	"character_tails_0x20":  { "File": "character_tails.bmp", "Rect": "724,52,42,40", "Center": "20,20" },
	"character_tails_0x21":  { "File": "character_tails.bmp", "Rect": "4,104,38,32", "Center": "23,16" },
	"character_tails_0x22":  { "File": "character_tails.bmp", "Rect": "49,103,42,33", "Center": "26,17" },
	"character_tails_0x23":  { "File": "character_tails.bmp", "Rect": "95,104,42,32", "Center": "28,16" },
	"character_tails_0x24":  { "File": "character_tails.bmp", "Rect": "145,103,42,33", "Center": "26,17" },
	"character_tails_0x25":  { "File": "character_tails.bmp", "Rect": "197,96,34,48", "Center": "27,20" },
	"character_tails_0x26":  { "File": "character_tails.bmp", "Rect": "246,100,36,44", "Center": "28,19" },
	"character_tails_0x27":  { "File": "character_tails.bmp", "Rect": "300,100,24,42", "Center": "16,20" },
	"character_tails_0x28":  { "File": "character_tails.bmp", "Rect": "342,98,29,43", "Center": "22,19" },
	"character_tails_0x29":  { "File": "character_tails.bmp", "Rect": "392,101,32,39", "Center": "16,16" },
	"character_tails_0x2a":  { "File": "character_tails.bmp", "Rect": "439,101,33,42", "Center": "17,16" },
	"character_tails_0x2b":  { "File": "character_tails.bmp", "Rect": "488,101,32,44", "Center": "16,16" },
	"character_tails_0x2c":  { "File": "character_tails.bmp", "Rect": "535,101,33,43", "Center": "17,16" },
	"character_tails_0x2d":  { "File": "character_tails.bmp", "Rect": "578,106,45,35", "Center": "20,8" },
	"character_tails_0x2e":  { "File": "character_tails.bmp", "Rect": "628,105,46,30", "Center": "21,8" },
	"character_tails_0x2f":  { "File": "character_tails.bmp", "Rect": "676,108,41,24", "Center": "20,8" },
	"character_tails_0x30":  { "File": "character_tails.bmp", "Rect": "724,108,41,30", "Center": "21,8" },
	"character_tails_0x31":  { "File": "character_tails.bmp", "Rect": "3,151,34,33", "Center": "24,17" },
	"character_tails_0x32":  { "File": "character_tails.bmp", "Rect": "52,148,34,40", "Center": "23,22" },
	"character_tails_0x33":  { "File": "character_tails.bmp", "Rect": "100,152,31,35", "Center": "21,19" },
	"character_tails_0x34":  { "File": "character_tails.bmp", "Rect": "152,155,26,31", "Center": "16,9" },
	"character_tails_0x35":  { "File": "character_tails.bmp", "Rect": "195,151,32,33", "Center": "22,13" },
	"character_tails_0x36":  { "File": "character_tails.bmp", "Rect": "242,152,36,33", "Center": "24,18" },
	"character_tails_0x37":  { "File": "character_tails.bmp", "Rect": "290,152,34,34", "Center": "24,18" },
	"character_tails_0x38":  { "File": "character_tails.bmp", "Rect": "335,152,34,33", "Center": "24,19" },
	"character_tails_0x39":  { "File": "character_tails.bmp", "Rect": "388,152,31,33", "Center": "19,21" },
	"character_tails_0x3a":  { "File": "character_tails.bmp", "Rect": "442,150,26,29", "Center": "17,18" },
	"character_tails_0x3b":  { "File": "character_tails.bmp", "Rect": "488,150,28,34", "Center": "19,14" },
	"character_tails_0x3c":  { "File": "character_tails.bmp", "Rect": "527,152,34,32", "Center": "24,15" },
	"character_tails_0x3d":  { "File": "character_tails.bmp", "Rect": "587,152,25,33", "Center": "15,15" },
	"character_tails_0x3e":  { "File": "character_tails.bmp", "Rect": "636,152,27,36", "Center": "15,19" },
	"character_tails_0x3f":  { "File": "character_tails.bmp", "Rect": "684,156,24,24", "Center": "13,13" },
	"character_tails_0x40":  { "File": "character_tails.bmp", "Rect": "732,152,24,32", "Center": "15,18" },
	"character_tails_0x41":  { "File": "character_tails.bmp", "Rect": "11,200,25,32", "Center": "14,16" },
	"character_tails_0x42":  { "File": "character_tails.bmp", "Rect": "58,200,26,32", "Center": "14,15" },
	"character_tails_0x43":  { "File": "character_tails.bmp", "Rect": "104,200,28,32", "Center": "14,16" },
	"character_tails_0x44":  { "File": "character_tails.bmp", "Rect": "156,200,24,33", "Center": "13,20" },
	"character_tails_0x45":  { "File": "character_tails.bmp", "Rect": "204,203,24,23", "Center": "12,13" },
	"character_tails_0x46":  { "File": "character_tails.bmp", "Rect": "252,199,30,29", "Center": "19,16" },
	"character_tails_0x47":  { "File": "character_tails.bmp", "Rect": "296,200,26,32", "Center": "15,16" },
	"character_tails_0x48":  { "File": "character_tails.bmp", "Rect": "346,199,26,33", "Center": "15,16" },
	"character_tails_0x49":  { "File": "character_tails.bmp", "Rect": "386,198,42,32", "Center": "21,20" },
	"character_tails_0x4a":  { "File": "character_tails.bmp", "Rect": "433,201,39,29", "Center": "23,18" },
	"character_tails_0x4b":  { "File": "character_tails.bmp", "Rect": "486,204,36,27", "Center": "19,14" },
	"character_tails_0x4c":  { "File": "character_tails.bmp", "Rect": "540,196,24,34", "Center": "12,20" },
	"character_tails_0x4d":  { "File": "character_tails.bmp", "Rect": "586,196,26,36", "Center": "14,20" },
	"character_tails_0x4e":  { "File": "character_tails.bmp", "Rect": "631,196,32,41", "Center": "15,22" },
	"character_tails_0x4f":  { "File": "character_tails.bmp", "Rect": "676,192,32,45", "Center": "20,21" },
	"character_tails_0x50":  { "File": "character_tails.bmp", "Rect": "724,194,32,41", "Center": "19,21" },
	"character_tails_0x51":  { "File": "character_tails.bmp", "Rect": "9,246,28,35", "Center": "17,19" },
	"character_tails_0x52":  { "File": "character_tails.bmp", "Rect": "53,250,32,24", "Center": "19,14" },
	"character_tails_0x53":  { "File": "character_tails.bmp", "Rect": "102,243,34,32", "Center": "18,20" },
	"character_tails_0x54":  { "File": "character_tails.bmp", "Rect": "147,244,39,34", "Center": "21,21" },
	"character_tails_0x55":  { "File": "character_tails.bmp", "Rect": "194,247,38,34", "Center": "22,18" },
	"character_tails_0x56":  { "File": "character_tails.bmp", "Rect": "245,247,31,34", "Center": "20,18" },
	"character_tails_0x57":  { "File": "character_tails.bmp", "Rect": "294,247,30,34", "Center": "16,18" },
	"character_tails_0x58":  { "File": "character_tails.bmp", "Rect": "348,248,24,33", "Center": "14,17" },
	"character_tails_0x59":  { "File": "character_tails.bmp", "Rect": "396,247,32,34", "Center": "14,18" },
	"character_tails_0x5a":  { "File": "character_tails.bmp", "Rect": "442,247,25,34", "Center": "10,18" },
	"character_tails_0x5b":  { "File": "character_tails.bmp", "Rect": "492,249,24,33", "Center": "13,17" },
	"character_tails_0x5c":  { "File": "character_tails.bmp", "Rect": "528,252,48,24", "Center": "20,13" },
	"character_tails_0x5d":  { "File": "character_tails.bmp", "Rect": "584,249,41,28", "Center": "4,15" },
	"character_tails_0x5e":  { "File": "character_tails.bmp", "Rect": "628,252,40,24", "Center": "30,13" },
	"character_tails_0x5f":  { "File": "character_tails.bmp", "Rect": "672,251,48,27", "Center": "27,14" },
	"character_tails_0x60":  { "File": "character_tails.bmp", "Rect": "721,252,45,24", "Center": "23,12" },
	"character_tails_0x61":  { "File": "character_tails.bmp", "Rect": "8,300,39,25", "Center": "30,12" },
	"character_tails_0x62":  { "File": "character_tails.bmp", "Rect": "56,299,43,25", "Center": "19,13" },
	"character_tails_0x63":  { "File": "character_tails.bmp", "Rect": "108,288,24,48", "Center": "12,24" },
	"character_tails_0x64":  { "File": "character_tails.bmp", "Rect": "155,296,28,41", "Center": "14,15" },
	"character_tails_0x65":  { "File": "character_tails.bmp", "Rect": "204,292,24,40", "Center": "12,21" },
	"character_tails_0x66":  { "File": "character_tails.bmp", "Rect": "251,288,26,48", "Center": "14,24" },
	"character_tails_0x67":  { "File": "character_tails.bmp", "Rect": "300,283,24,45", "Center": "13,28" },
	"character_tails_0x68":  { "File": "character_tails.bmp", "Rect": "347,296,24,39", "Center": "14,16" },
	"character_tails_0x69":  { "File": "character_tails.bmp", "Rect": "384,296,39,33", "Center": "22,15" },
	"character_tails_0x6a":  { "File": "character_tails.bmp", "Rect": "437,294,33,33", "Center": "20,18" },
	"character_tails_0x6b":  { "File": "character_tails.bmp", "Rect": "493,295,26,34", "Center": "15,19" },
	"character_tails_0x6c":  { "File": "character_tails.bmp", "Rect": "296,348,33,35", "Center": "18,13" },
	"character_tails_0x6d":  { "File": "character_tails.bmp", "Rect": "534,300,34,37", "Center": "20,15" },
	"character_tails_0x6e":  { "File": "character_tails.bmp", "Rect": "584,300,33,37", "Center": "18,15" },
	"character_tails_0x6f":  { "File": "character_tails.bmp", "Rect": "632,299,32,29", "Center": "15,12" },
	"character_tails_0x70":  { "File": "character_tails.bmp", "Rect": "684,300,31,27", "Center": "12,11" },
	"character_tails_0x71":  { "File": "character_tails.bmp", "Rect": "728,300,34,29", "Center": "20,11" },
	"character_tails_0x72":  { "File": "character_tails.bmp", "Rect": "8,344,33,36", "Center": "18,14" },
	"character_tails_0x73":  { "File": "character_tails.bmp", "Rect": "56,346,34,35", "Center": "19,13" },
	"character_tails_0x74":  { "File": "character_tails.bmp", "Rect": "100,347,40,33", "Center": "18,12" },
	"character_tails_0x75":  { "File": "character_tails.bmp", "Rect": "149,348,32,31", "Center": "16,12" },
	"character_tails_0x76":  { "File": "character_tails.bmp", "Rect": "199,347,30,26", "Center": "21,12" },
	"character_tails_0x77":  { "File": "character_tails.bmp", "Rect": "246,347,32,36", "Center": "15,14" },
	"character_tails_0x78":  { "File": "character_tails.bmp", "Rect": "331,340,43,40", "Center": "27,26" },
	"character_tails_0x79":  { "File": "character_tails.bmp", "Rect": "386,340,40,43", "Center": "28,30" },
	"character_tails_0x7a":  { "File": "character_tails.bmp", "Rect": "436,344,40,46", "Center": "28,18" },
	"character_tails_0x7b":  { "File": "character_tails.bmp", "Rect": "484,340,43,42", "Center": "31,12" },
	"character_tails_0x7c":  { "File": "character_tails.bmp", "Rect": "536,340,46,40", "Center": "18,12" },
	"character_tails_0x7d":  { "File": "character_tails.bmp", "Rect": "581,337,42,42", "Center": "12,13" },
	"character_tails_0x7e":  { "File": "character_tails.bmp", "Rect": "628,331,40,43", "Center": "11,27" },
	"character_tails_0x7f":  { "File": "character_tails.bmp", "Rect": "673,339,43,40", "Center": "10,28" },
	"character_tails_0x80":  { "File": "character_tails.bmp", "Rect": "720,339,40,40", "Center": "25,25" },
	"character_tails_0x81":  { "File": "character_tails.bmp", "Rect": "2,384,40,48", "Center": "28,23" },
	"character_tails_0x82":  { "File": "character_tails.bmp", "Rect": "52,384,40,48", "Center": "26,23" },
	"character_tails_0x83":  { "File": "character_tails.bmp", "Rect": "96,386,40,42", "Center": "24,26" },
	"character_tails_0x84":  { "File": "character_tails.bmp", "Rect": "148,384,40,48", "Center": "26,23" },
	"character_tails_0x85":  { "File": "character_tails.bmp", "Rect": "195,384,37,48", "Center": "24,23" },
	"character_tails_0x86":  { "File": "character_tails.bmp", "Rect": "248,395,32,25", "Center": "8,9" },
	"character_tails_0x87":  { "File": "character_tails.bmp", "Rect": "296,394,32,26", "Center": "8,10" },
	"character_tails_0x88":  { "File": "character_tails.bmp", "Rect": "344,395,32,25", "Center": "8,9" },
	"character_tails_0x89":  { "File": "character_tails.bmp", "Rect": "387,390,37,34", "Center": "20,18" },
	"character_tails_0x8a":  { "File": "character_tails.bmp", "Rect": "437,390,36,33", "Center": "19,17" },
	"character_tails_0x8b":  { "File": "character_tails.bmp", "Rect": "492,384,28,48", "Center": "17,23" },
	"character_tails_0x8c":  { "File": "character_tails.bmp", "Rect": "539,384,29,48", "Center": "18,23" },
	"character_tails_0x8d":  { "File": "character_tails.bmp", "Rect": "581,392,35,38", "Center": "22,23" },
	"character_tails_0x8e":  { "File": "character_tails.bmp", "Rect": "674,391,36,35", "Center": "17,19" },
	"character_tails_0x8f":  { "File": "character_tails.bmp", "Rect": "536,628,32,40", "Center": "19,20" },
	"character_tails_0x90":  { "File": "character_tails.bmp", "Rect": "732,388,24,40", "Center": "11,24" },
	"character_tails_0x91":  { "File": "character_tails.bmp", "Rect": "8,439,32,33", "Center": "11,24" },
	"character_tails_0x92":  { "File": "character_tails.bmp", "Rect": "56,438,29,30", "Center": "11,25" },
	"character_tails_0x93":  { "File": "character_tails.bmp", "Rect": "108,442,23,27", "Center": "11,25" },
	"character_tails_0x94":  { "File": "character_tails.bmp", "Rect": "150,433,34,48", "Center": "17,24" },
	"character_tails_0x95":  { "File": "character_tails.bmp", "Rect": "203,434,25,48", "Center": "12,23" },
	"character_tails_0x96":  { "File": "character_tails.bmp", "Rect": "344,440,32,32", "Center": "16,16" },
	"character_tails_0x97":  { "File": "character_tails.bmp", "Rect": "296,440,32,32", "Center": "16,16" },
	"character_tails_0x98":  { "File": "character_tails.bmp", "Rect": "248,440,32,32", "Center": "16,16" },
	"character_tails_0x99":  { "File": "character_tails.bmp", "Rect": "393,439,28,29", "Center": "12,13" },
	"character_tails_0x9a":  { "File": "character_tails.bmp", "Rect": "440,439,36,33", "Center": "16,17" },
	"character_tails_0x9b":  { "File": "character_tails.bmp", "Rect": "54,628,41,40", "Center": "16,20" },
	"character_tails_0x9c":  { "File": "character_tails.bmp", "Rect": "535,438,34,35", "Center": "16,18" },
	"character_tails_0x9d":  { "File": "character_tails.bmp", "Rect": "580,440,46,32", "Center": "26,18" },
	"character_tails_0x9e":  { "File": "character_tails.bmp", "Rect": "628,440,44,32", "Center": "26,18" },
	"character_tails_0x9f":  { "File": "character_tails.bmp", "Rect": "673,435,41,37", "Center": "25,20" },
	"character_tails_0xa0":  { "File": "character_tails.bmp", "Rect": "728,440,33,32", "Center": "21,19" },
	"character_tails_0xa1":  { "File": "character_tails.bmp", "Rect": "8,488,32,32", "Center": "21,19" },
	"character_tails_0xa2":  { "File": "character_tails.bmp", "Rect": "56,488,32,32", "Center": "21,19" },
	"character_tails_0xa3":  { "File": "character_tails.bmp", "Rect": "104,489,32,32", "Center": "21,19" },
	"character_tails_0xa4":  { "File": "character_tails.bmp", "Rect": "152,488,32,32", "Center": "21,19" },
	"character_tails_0xa5":  { "File": "character_tails.bmp", "Rect": "198,486,33,34", "Center": "20,18" },
	"character_tails_0xa6":  { "File": "character_tails.bmp", "Rect": "244,484,40,40", "Center": "27,24" },
	"character_tails_0xa7":  { "File": "character_tails.bmp", "Rect": "296,484,32,46", "Center": "14,19" },
	"character_tails_0xa8":  { "File": "character_tails.bmp", "Rect": "344,484,32,44", "Center": "14,19" },
	"character_tails_0xa9":  { "File": "character_tails.bmp", "Rect": "392,488,32,32", "Center": "17,16" },
	"character_tails_0xaa":  { "File": "character_tails.bmp", "Rect": "444,488,24,32", "Center": "9,16" },
	"character_tails_0xab":  { "File": "character_tails.bmp", "Rect": "490,488,25,32", "Center": "11,16" },
	"character_tails_0xac":  { "File": "character_tails.bmp", "Rect": "537,488,27,32", "Center": "12,16" },
	"character_tails_0xad":  { "File": "character_tails.bmp", "Rect": "588,486,24,34", "Center": "13,18" },
	"character_tails_0xae":  { "File": "character_tails.bmp", "Rect": "636,486,24,34", "Center": "13,18" },
	"character_tails_0xaf":  { "File": "character_tails.bmp", "Rect": "684,486,24,34", "Center": "13,18" },
	"character_tails_0xb0":  { "File": "character_tails.bmp", "Rect": "732,487,24,33", "Center": "13,17" },
	"character_tails_0xb1":  { "File": "character_tails.bmp", "Rect": "12,534,24,34", "Center": "13,18" },
	"character_tails_0xb2":  { "File": "character_tails.bmp", "Rect": "60,535,24,33", "Center": "14,17" },
	"character_tails_0xb3":  { "File": "character_tails.bmp", "Rect": "108,535,24,33", "Center": "14,17" },
	"character_tails_0xb4":  { "File": "character_tails.bmp", "Rect": "156,535,24,33", "Center": "13,17" },
	"character_tails_0xb5":  { "File": "character_tails.bmp", "Rect": "191,540,48,29", "Center": "25,16" },
	"character_tails_0xb6":  { "File": "character_tails.bmp", "Rect": "242,540,42,24", "Center": "22,16" },
	"character_tails_0xb7":  { "File": "character_tails.bmp", "Rect": "292,540,38,24", "Center": "20,16" },
	"character_tails_0xb8":  { "File": "character_tails.bmp", "Rect": "340,540,42,24", "Center": "20,16" },
	"character_tails_0xb9":  { "File": "character_tails.bmp", "Rect": "384,540,49,24", "Center": "24,16" },
	"character_tails_0xba":  { "File": "character_tails.bmp", "Rect": "436,540,44,25", "Center": "20,16" },
	"character_tails_0xbb":  { "File": "character_tails.bmp", "Rect": "488,540,36,28", "Center": "16,16" },
	"character_tails_0xbc":  { "File": "character_tails.bmp", "Rect": "529,540,40,32", "Center": "23,16" },
	"character_tails_0xbd":  { "File": "character_tails.bmp", "Rect": "574,533,42,35", "Center": "28,17" },
	"character_tails_0xbe":  { "File": "character_tails.bmp", "Rect": "622,535,40,32", "Center": "26,15" },
	"character_tails_0xbf":  { "File": "character_tails.bmp", "Rect": "668,535,42,34", "Center": "26,15" },
	"character_tails_0xc0":  { "File": "character_tails.bmp", "Rect": "722,531,42,35", "Center": "24,19" },
	"character_tails_0xc1":  { "File": "character_tails.bmp", "Rect": "0,583,40,32", "Center": "23,15" },
	"character_tails_0xc2":  { "File": "character_tails.bmp", "Rect": "52,577,40,40", "Center": "21,26" },
	"character_tails_0xc3":  { "File": "character_tails.bmp", "Rect": "98,584,39,32", "Center": "24,15" },
	"character_tails_0xc4":  { "File": "character_tails.bmp", "Rect": "145,584,39,32", "Center": "25,15" },
	"character_tails_0xc5":  { "File": "character_tails.bmp", "Rect": "198,580,33,41", "Center": "24,22" },
	"character_tails_0xc6":  { "File": "character_tails.bmp", "Rect": "246,580,33,40", "Center": "24,21" },
	"character_tails_0xc7":  { "File": "character_tails.bmp", "Rect": "296,581,32,40", "Center": "16,17" },
	"character_tails_0xc8":  { "File": "character_tails.bmp", "Rect": "344,581,32,41", "Center": "16,17" },
	"character_tails_0xc9":  { "File": "character_tails.bmp", "Rect": "387,584,40,33", "Center": "23,8" },
	"character_tails_0xca":  { "File": "character_tails.bmp", "Rect": "436,584,40,33", "Center": "23,8" },
	"character_tails_0xcb":  { "File": "character_tails.bmp", "Rect": "483,582,37,34", "Center": "21,10" },
	"character_tails_0xcc":  { "File": "character_tails.bmp", "Rect": "533,582,36,33", "Center": "20,9" },
	"character_tails_0xcd":  { "File": "character_tails.bmp", "Rect": "580,578,40,38", "Center": "21,25" },
	"character_tails_0xce":  { "File": "character_tails.bmp", "Rect": "628,577,40,39", "Center": "21,26" },
	"character_tails_0xcf":  { "File": "character_tails.bmp", "Rect": "684,576,24,44", "Center": "12,30" },
	"character_tails_0xd0":  { "File": "character_tails.bmp", "Rect": "732,576,30,44", "Center": "12,30" },
	"character_tails_0xd1":  { "File": "character_tails.bmp", "Rect": "6,630,28,31", "Center": "14,16" },
	"character_tails_0xd2":  { "File": "character_tails.bmp", "Rect": "482,440,32,32", "Center": "15,16" },
	"character_tails_0xd3":  { "File": "character_tails.bmp", "Rect": "104,628,24,40", "Center": "13,21" },
	"character_tails_0xd4":  { "File": "character_tails.bmp", "Rect": "154,628,32,40", "Center": "16,20" },
	"character_tails_0xd5":  { "File": "character_tails.bmp", "Rect": "201,631,26,34", "Center": "14,18" },
	"character_tails_0xd6":  { "File": "character_tails.bmp", "Rect": "251,631,25,34", "Center": "13,18" },
	"character_tails_0xd7":  { "File": "character_tails.bmp", "Rect": "297,627,32,40", "Center": "16,20" },
	"character_tails_0xd8":  { "File": "character_tails.bmp", "Rect": "345,627,32,40", "Center": "16,20" },
	"character_tails_0xd9":  { "File": "character_tails.bmp", "Rect": "392,628,32,40", "Center": "17,21" },
	"character_tails_0xda":  { "File": "character_tails.bmp", "Rect": "440,628,32,40", "Center": "16,21" },
	"character_tails_0xdb":  { "File": "character_tails.bmp", "Rect": "488,628,32,36", "Center": "16,20" },
	"character_tails_0xdc":  { "File": "character_tails.bmp", "Rect": "634,391,33,34", "Center": "13,19" },
	"character_tails_0xdd":  { "File": "character_tails.bmp", "Rect": "584,628,35,37", "Center": "17,19" },
	"character_tails_0xde":  { "File": "character_tails.bmp", "Rect": "632,628,32,40", "Center": "16,20" },
	"character_tails_0xdf":  { "File": "character_tails.bmp", "Rect": "678,628,34,40", "Center": "23,24" },
	"character_tails_0xe0":  { "File": "character_tails.bmp", "Rect": "724,632,30,32", "Center": "19,18" },
	"character_tails_0xe1":  { "File": "character_tails.bmp", "Rect": "12,676,30,40", "Center": "9,20" },
	"character_tails_0xe2":  { "File": "character_tails.bmp", "Rect": "60,676,31,40", "Center": "13,21" },
	"character_tails_0xe3":  { "File": "character_tails.bmp", "Rect": "104,676,35,40", "Center": "17,24" },
	"character_tails_0xe4":  { "File": "character_tails.bmp", "Rect": "152,676,32,40", "Center": "18,20" },
	"character_tails_0xe5":  { "File": "character_tails.bmp", "Rect": "198,676,32,40", "Center": "14,20" },
	"character_tails_0xe6":  { "File": "character_tails.bmp", "Rect": "252,676,24,40", "Center": "12,20" },
	"character_tails_0xe7":  { "File": "character_tails.bmp", "Rect": "300,676,24,40", "Center": "11,20" },
	"character_tails_0xe8":  { "File": "character_tails.bmp", "Rect": "348,676,28,40", "Center": "12,20" },
	"character_tails_0xe9":  { "File": "character_tails.bmp", "Rect": "396,676,28,40", "Center": "14,20" },
	"character_tails_0xea":  { "File": "character_tails.bmp", "Rect": "444,676,25,40", "Center": "12,20" },
	"character_tails_0xeb":  { "File": "character_tails.bmp", "Rect": "489,684,30,27", "Center": "17,6" },
	"character_tails_0xec":  { "File": "character_tails.bmp", "Rect": "532,673,36,43", "Center": "17,24" },
	"character_tails_0xed":  { "File": "character_tails.bmp", "Rect": "580,673,36,43", "Center": "17,24" },
	"character_tails_0xee":  { "File": "character_tails.bmp", "Rect": "628,673,36,43", "Center": "17,24" },
	"character_tails_0xef":  { "File": "character_tails.bmp", "Rect": "680,680,32,32", "Center": "15,16" },
	"character_tails_0xf0":  { "File": "character_tails.bmp", "Rect": "728,680,32,32", "Center": "17,16" },
	"character_tails_0xf1":  { "File": "character_tails.bmp", "Rect": "8,728,32,32", "Center": "18,16" },
	"character_tails_0xf2":  { "File": "character_tails.bmp", "Rect": "56,728,32,32", "Center": "16,16" },
	"character_tails_0xf3":  { "File": "character_tails.bmp", "Rect": "104,728,32,32", "Center": "14,16" },
	"character_tails_0xf4":  { "File": "character_tails.bmp", "Rect": "152,728,32,32", "Center": "15,16" },
	"character_tails_0xf5":  { "File": "character_tails.bmp", "Rect": "200,728,32,32", "Center": "17,16" },
	"character_tails_0xf6":  { "File": "character_tails.bmp", "Rect": "248,728,32,32", "Center": "16,16" },
	"character_tails_0xf7":  { "File": "character_tails.bmp", "Rect": "296,728,32,32", "Center": "15,16" },
	"character_tails_0xf8":  { "File": "character_tails.bmp", "Rect": "344,728,32,32", "Center": "16,17" },
	"character_tails_0xf9":  { "File": "character_tails.bmp", "Rect": "392,728,32,32", "Center": "17,16" },
	"character_tails_0xfa":  { "File": "character_tails.bmp", "Rect": "440,728,32,32", "Center": "16,16" }
}