{
	"character_hypertails_tails_0x01":  { "File": "character_hypertails_tails.bmp", "Rect": "1,3,26,17", "Center": "32,6" },
	"character_hypertails_tails_0x02":  { "File": "character_hypertails_tails.bmp", "Rect": "34,4,25,18", "Center": "31,5" },
	"character_hypertails_tails_0x03":  { "File": "character_hypertails_tails.bmp", "Rect": "65,0,26,24", "Center": "32,8" },
	"character_hypertails_tails_0x04":  { "File": "character_hypertails_tails.bmp", "Rect": "97,0,27,21", "Center": "32,8" },
	"character_hypertails_tails_0x05":  { "File": "character_hypertails_tails.bmp", "Rect": "129,3,26,17", "Center": "36,10" },
	"character_hypertails_tails_0x06":  { "File": "character_hypertails_tails.bmp", "Rect": "162,4,26,18", "Center": "35,9" },
	"character_hypertails_tails_0x07":  { "File": "character_hypertails_tails.bmp", "Rect": "193,0,28,23", "Center": "36,13" },
	"character_hypertails_tails_0x08":  { "File": "character_hypertails_tails.bmp", "Rect": "225,0,28,23", "Center": "36,13" },
	"character_hypertails_tails_0x09":  { "File": "character_hypertails_tails.bmp", "Rect": "257,4,26,19", "Center": "33,-5" },
	"character_hypertails_tails_0x0a":  { "File": "character_hypertails_tails.bmp", "Rect": "292,4,24,18", "Center": "30,-5" },
	"character_hypertails_tails_0x0b":  { "File": "character_hypertails_tails.bmp", "Rect": "323,1,24,22", "Center": "31,-2" },
	"character_hypertails_tails_0x0c":  { "File": "character_hypertails_tails.bmp", "Rect": "354,0,25,23", "Center": "32,-2" },
	"character_hypertails_tails_0x0d":  { "File": "character_hypertails_tails.bmp", "Rect": "389,0,17,26", "Center": "11,-11" },
	"character_hypertails_tails_0x0e":  { "File": "character_hypertails_tails.bmp", "Rect": "424,0,16,25", "Center": "8,-11" },
	"character_hypertails_tails_0x0f":  { "File": "character_hypertails_tails.bmp", "Rect": "452,0,21,26", "Center": "12,-11" },
	"character_hypertails_tails_0x10":  { "File": "character_hypertails_tails.bmp", "Rect": "483,0,21,25", "Center": "13,-11" },
	"character_hypertails_tails_0x11":  { "File": "character_hypertails_tails.bmp", "Rect": "8,24,19,27", "Center": "-6,-5" },
	"character_hypertails_tails_0x12":  { "File": "character_hypertails_tails.bmp", "Rect": "40,24,18,24", "Center": "-6,-5" },
	"character_hypertails_tails_0x13":  { "File": "character_hypertails_tails.bmp", "Rect": "69,24,22,25", "Center": "-3,-5" },
	"character_hypertails_tails_0x14":  { "File": "character_hypertails_tails.bmp", "Rect": "101,24,23,25", "Center": "-3,-6" },
	"character_hypertails_tails_0x1a":  { "File": "character_hypertails_tails.bmp", "Rect": "130,26,26,18", "Center": "31,5" },
	"character_hypertails_tails_0x1b":  { "File": "character_hypertails_tails.bmp", "Rect": "163,28,25,18", "Center": "30,3" },
	"character_hypertails_tails_0x1c":  { "File": "character_hypertails_tails.bmp", "Rect": "194,24,26,24", "Center": "31,7" },
	"character_hypertails_tails_0x1d":  { "File": "character_hypertails_tails.bmp", "Rect": "226,24,27,21", "Center": "31,7" },
	"character_hypertails_tails_0x1e":  { "File": "character_hypertails_tails.bmp", "Rect": "258,26,26,18", "Center": "25,5" },
	"character_hypertails_tails_0x1f":  { "File": "character_hypertails_tails.bmp", "Rect": "291,28,25,17", "Center": "24,3" },
	"character_hypertails_tails_0x20":  { "File": "character_hypertails_tails.bmp", "Rect": "322,23,26,23", "Center": "25,8" },
	"character_hypertails_tails_0x21":  { "File": "character_hypertails_tails.bmp", "Rect": "354,23,26,23", "Center": "25,8" },
	"character_hypertails_tails_0x22":  { "File": "character_hypertails_tails.bmp", "Rect": "382,26,29,24", "Center": "31,4" },
	"character_hypertails_tails_0x23":  { "File": "character_hypertails_tails.bmp", "Rect": "415,25,31,24", "Center": "33,7" },
	"character_hypertails_tails_0x24":  { "File": "character_hypertails_tails.bmp", "Rect": "454,27,25,26", "Center": "26,9" },
	"character_hypertails_tails_0x25":  { "File": "character_hypertails_tails.bmp", "Rect": "484,26,25,27", "Center": "27,11" },
	"character_hypertails_tails_0x26":  { "File": "character_hypertails_tails.bmp", "Rect": "2,51,28,20", "Center": "30,4" },
	"character_hypertails_tails_0x27":  { "File": "character_hypertails_tails.bmp", "Rect": "226,47,25,23", "Center": "28,6" },
	"character_hypertails_tails_0x28":  { "File": "character_hypertails_tails.bmp", "Rect": "254,46,25,25", "Center": "27,8" },
	"character_hypertails_tails_0x29":  { "File": "character_hypertails_tails.bmp", "Rect": "98,50,26,18", "Center": "30,12" },
	"character_hypertails_tails_0x2a":  { "File": "character_hypertails_tails.bmp", "Rect": "131,52,25,18", "Center": "29,9" },
	"character_hypertails_tails_0x2b":  { "File": "character_hypertails_tails.bmp", "Rect": "162,48,26,23", "Center": "30,13" },
	"character_hypertails_tails_0x2c":  { "File": "character_hypertails_tails.bmp", "Rect": "194,48,26,21", "Center": "30,13" }
}