{
	"character_tails_snowboarding_0x01": { "File": "character_tails_snowboarding.png", "Rect": "0,0,52,64", "Center": "26,36" },
	"character_tails_snowboarding_0x02": { "File": "character_tails_snowboarding.png", "Rect": "68,4,32,56", "Center": "16,18" },
	"character_tails_snowboarding_0x03": { "File": "character_tails_snowboarding.png", "Rect": "116,4,48,56", "Center": "23,23" },
	"character_tails_snowboarding_0x04": { "File": "character_tails_snowboarding.png", "Rect": "176,4,48,56", "Center": "21,22" },
	"character_tails_snowboarding_0x05": { "File": "character_tails_snowboarding.png", "Rect": "224,4,48,56", "Center": "27,22" },


	"character_tails_snowboarding_0x06": { "File": "character_tails_snowboarding.png", "Rect": "278,12,60,40", "Center": "30,17" },
	"character_tails_snowboarding_0x07": { "File": "character_tails_snowboarding.png", "Rect": "354,12,60,40", "Center": "30,17" },
	"character_tails_snowboarding_0x08": { "File": "character_tails_snowboarding.png", "Rect": "421,12,59,40", "Center": "29,17" },
	"character_tails_snowboarding_0x09": { "File": "character_tails_snowboarding.png", "Rect": "488,0,52,60", "Center": "26,15" },
	"character_tails_snowboarding_0x0a": { "File": "character_tails_snowboarding.png", "Rect": "542,4,58,58", "Center": "33,21" },
	"character_tails_snowboarding_0x0b": { "File": "character_tails_snowboarding.png", "Rect": "604,8,59,48", "Center": "29,22" },
	"character_tails_snowboarding_0x0c": { "File": "character_tails_snowboarding.png", "Rect": "666,4,56,60", "Center": "26,26" },
	

	"character_tails_snowboarding_0x0d": { "File": "character_tails_snowboarding.png", "Rect": "278,12,60,40", "Center": "30,17" },
	"character_tails_snowboarding_0x0e": { "File": "character_tails_snowboarding.png", "Rect": "354,12,60,40", "Center": "30,17" },
	"character_tails_snowboarding_0x0f": { "File": "character_tails_snowboarding.png", "Rect": "421,12,59,40", "Center": "29,17" },
	"character_tails_snowboarding_0x10": { "File": "character_tails_snowboarding.png", "Rect": "488,0,52,60", "Center": "26,15" },
	"character_tails_snowboarding_0x11": { "File": "character_tails_snowboarding.png", "Rect": "542,4,58,58", "Center": "33,21" },
	"character_tails_snowboarding_0x12": { "File": "character_tails_snowboarding.png", "Rect": "604,8,59,48", "Center": "29,22" },
	"character_tails_snowboarding_0x13": { "File": "character_tails_snowboarding.png", "Rect": "666,4,56,60", "Center": "26,26" },


	"character_tails_snowboarding_0x14": { "File": "character_tails_snowboarding.png", "Rect": "278,12,60,40", "Center": "30,17" },
	"character_tails_snowboarding_0x15": { "File": "character_tails_snowboarding.png", "Rect": "354,12,60,40", "Center": "30,17" },
	"character_tails_snowboarding_0x16": { "File": "character_tails_snowboarding.png", "Rect": "421,12,59,40", "Center": "29,17" },
	"character_tails_snowboarding_0x17": { "File": "character_tails_snowboarding.png", "Rect": "488,0,52,60", "Center": "26,15" },
	"character_tails_snowboarding_0x18": { "File": "character_tails_snowboarding.png", "Rect": "542,4,58,58", "Center": "33,21" },
	"character_tails_snowboarding_0x19": { "File": "character_tails_snowboarding.png", "Rect": "604,8,59,48", "Center": "29,22" },
	"character_tails_snowboarding_0x1a": { "File": "character_tails_snowboarding.png", "Rect": "666,4,56,60", "Center": "26,26" },


	"character_tails_snowboarding_0x1b": { "File": "character_tails_snowboarding.png", "Rect": "278,12,60,40", "Center": "30,17" },
	"character_tails_snowboarding_0x1c": { "File": "character_tails_snowboarding.png", "Rect": "354,12,60,40", "Center": "30,17" },
	"character_tails_snowboarding_0x1d": { "File": "character_tails_snowboarding.png", "Rect": "421,12,59,40", "Center": "29,17" },
	"character_tails_snowboarding_0x1e": { "File": "character_tails_snowboarding.png", "Rect": "488,0,52,60", "Center": "26,15" },
	"character_tails_snowboarding_0x1f": { "File": "character_tails_snowboarding.png", "Rect": "542,4,58,58", "Center": "33,21" },
	"character_tails_snowboarding_0x20": { "File": "character_tails_snowboarding.png", "Rect": "604,8,59,48", "Center": "29,22" },
	"character_tails_snowboarding_0x21": { "File": "character_tails_snowboarding.png", "Rect": "666,4,56,60", "Center": "26,26" },
}
