{
	"character_tails_tails_0x01":  { "File": "character_tails_tails.bmp", "Rect": "4,4,24,16", "Center": "30,1" },
	"character_tails_tails_0x02":  { "File": "character_tails_tails.bmp", "Rect": "36,4,24,16", "Center": "30,1" },
	"character_tails_tails_0x03":  { "File": "character_tails_tails.bmp", "Rect": "68,4,24,16", "Center": "30,1" },
	"character_tails_tails_0x04":  { "File": "character_tails_tails.bmp", "Rect": "100,4,24,16", "Center": "30,1" },
	"character_tails_tails_0x05":  { "File": "character_tails_tails.bmp", "Rect": "132,4,24,16", "Center": "35,8" },
	"character_tails_tails_0x06":  { "File": "character_tails_tails.bmp", "Rect": "164,4,24,16", "Center": "35,8" },
	"character_tails_tails_0x07":  { "File": "character_tails_tails.bmp", "Rect": "196,4,24,16", "Center": "35,8" },
	"character_tails_tails_0x08":  { "File": "character_tails_tails.bmp", "Rect": "228,4,24,16", "Center": "35,8" },
	"character_tails_tails_0x09":  { "File": "character_tails_tails.bmp", "Rect": "260,3,25,23", "Center": "31,-5" },
	"character_tails_tails_0x0a":  { "File": "character_tails_tails.bmp", "Rect": "292,3,24,19", "Center": "31,-5" },
	"character_tails_tails_0x0b":  { "File": "character_tails_tails.bmp", "Rect": "324,3,24,19", "Center": "31,-5" },
	"character_tails_tails_0x0c":  { "File": "character_tails_tails.bmp", "Rect": "356,3,24,17", "Center": "31,-6" },
	"character_tails_tails_0x0d":  { "File": "character_tails_tails.bmp", "Rect": "392,0,16,24", "Center": "8,-11" },
	"character_tails_tails_0x0e":  { "File": "character_tails_tails.bmp", "Rect": "424,0,16,24", "Center": "8,-11" },
	"character_tails_tails_0x0f":  { "File": "character_tails_tails.bmp", "Rect": "454,0,16,24", "Center": "10,-11" },
	"character_tails_tails_0x10":  { "File": "character_tails_tails.bmp", "Rect": "486,0,16,24", "Center": "10,-11" },
	"character_tails_tails_0x11":  { "File": "character_tails_tails.bmp", "Rect": "8,23,23,24", "Center": "-7,-5" },
	"character_tails_tails_0x12":  { "File": "character_tails_tails.bmp", "Rect": "39,24,19,24", "Center": "-6,-6" },
	"character_tails_tails_0x13":  { "File": "character_tails_tails.bmp", "Rect": "70,24,19,24", "Center": "-5,-6" },
	"character_tails_tails_0x14":  { "File": "character_tails_tails.bmp", "Rect": "102,23,17,24", "Center": "-5,-6" },
	"character_tails_tails_0x1a":  { "File": "character_tails_tails.bmp", "Rect": "132,28,24,16", "Center": "28,2" },
	"character_tails_tails_0x1b":  { "File": "character_tails_tails.bmp", "Rect": "164,28,24,16", "Center": "28,2" },
	"character_tails_tails_0x1c":  { "File": "character_tails_tails.bmp", "Rect": "196,28,24,16", "Center": "28,2" },
	"character_tails_tails_0x1d":  { "File": "character_tails_tails.bmp", "Rect": "228,28,24,16", "Center": "28,2" },
	"character_tails_tails_0x1e":  { "File": "character_tails_tails.bmp", "Rect": "260,28,24,16", "Center": "28,3" },
	"character_tails_tails_0x1f":  { "File": "character_tails_tails.bmp", "Rect": "292,28,24,16", "Center": "28,3" },
	"character_tails_tails_0x20":  { "File": "character_tails_tails.bmp", "Rect": "324,28,24,16", "Center": "28,3" },
	"character_tails_tails_0x21":  { "File": "character_tails_tails.bmp", "Rect": "356,28,24,16", "Center": "28,3" },
	"character_tails_tails_0x22":  { "File": "character_tails_tails.bmp", "Rect": "392,24,16,24", "Center": "21,8" },
	"character_tails_tails_0x23":  { "File": "character_tails_tails.bmp", "Rect": "420,24,24,24", "Center": "28,8" },
	"character_tails_tails_0x24":  { "File": "character_tails_tails.bmp", "Rect": "452,24,24,24", "Center": "28,8" },
	"character_tails_tails_0x25":  { "File": "character_tails_tails.bmp", "Rect": "484,28,24,16", "Center": "28,0" },
	"character_tails_tails_0x26":  { "File": "character_tails_tails.bmp", "Rect": "4,48,24,24", "Center": "28,8" },
	"character_tails_tails_0x27":  { "File": "character_tails_tails.bmp", "Rect": "31,51,33,17", "Center": "28,24" },
	"character_tails_tails_0x28":  { "File": "character_tails_tails.bmp", "Rect": "65,52,33,14", "Center": "28,23" },
	"character_tails_tails_0x29":  { "File": "character_tails_tails.bmp", "Rect": "100,52,24,16", "Center": "27,8" },
	"character_tails_tails_0x2a":  { "File": "character_tails_tails.bmp", "Rect": "132,52,24,16", "Center": "27,8" },
	"character_tails_tails_0x2b":  { "File": "character_tails_tails.bmp", "Rect": "164,52,24,16", "Center": "27,8" },
	"character_tails_tails_0x2c":  { "File": "character_tails_tails.bmp", "Rect": "196,52,24,16", "Center": "27,8" }
}