{
	"character_hypertails_0x01":  { "File": "character_hypertails.bmp", "Rect": "189,4,48,40", "Center": "34,21" },
	"character_hypertails_0x02":  { "File": "character_hypertails.bmp", "Rect": "241,4,46,36", "Center": "30,21" },
	"character_hypertails_0x03":  { "File": "character_hypertails.bmp", "Rect": "288,6,44,34", "Center": "30,19" },
	"character_hypertails_0x04":  { "File": "character_hypertails.bmp", "Rect": "335,7,46,35", "Center": "31,19" },
	"character_hypertails_0x05":  { "File": "character_hypertails.bmp", "Rect": "0,4,47,40", "Center": "32,20" },
	"character_hypertails_0x06":  { "File": "character_hypertails.bmp", "Rect": "48,4,46,36", "Center": "30,21" },
	"character_hypertails_0x07":  { "File": "character_hypertails.bmp", "Rect": "96,6,45,34", "Center": "31,18" },
	"character_hypertails_0x08":  { "File": "character_hypertails.bmp", "Rect": "144,6,45,35", "Center": "29,19" },
	"character_hypertails_0x09":  { "File": "character_hypertails.bmp", "Rect": "578,4,39,46", "Center": "20,18" },
	"character_hypertails_0x0a":  { "File": "character_hypertails.bmp", "Rect": "624,2,40,46", "Center": "21,18" },
	"character_hypertails_0x0b":  { "File": "character_hypertails.bmp", "Rect": "676,0,36,46", "Center": "20,20" },
	"character_hypertails_0x0c":  { "File": "character_hypertails.bmp", "Rect": "724,4,40,46", "Center": "21,22" },
	"character_hypertails_0x0d":  { "File": "character_hypertails.bmp", "Rect": "387,4,37,49", "Center": "19,21" },
	"character_hypertails_0x0e":  { "File": "character_hypertails.bmp", "Rect": "429,1,40,47", "Center": "22,19" },
	"character_hypertails_0x0f":  { "File": "character_hypertails.bmp", "Rect": "483,0,38,48", "Center": "22,22" },
	"character_hypertails_0x10":  { "File": "character_hypertails.bmp", "Rect": "532,2,40,42", "Center": "20,18" },
	"character_hypertails_0x11":  { "File": "character_hypertails.bmp", "Rect": "5,48,35,48", "Center": "18,15" },
	"character_hypertails_0x12":  { "File": "character_hypertails.bmp", "Rect": "52,48,35,46", "Center": "20,17" },
	"character_hypertails_0x13":  { "File": "character_hypertails.bmp", "Rect": "103,51,33,42", "Center": "17,14" },
	"character_hypertails_0x14":  { "File": "character_hypertails.bmp", "Rect": "152,51,33,42", "Center": "16,12" },
	"character_hypertails_0x15":  { "File": "character_hypertails.bmp", "Rect": "199,48,34,44", "Center": "17,15" },
	"character_hypertails_0x16":  { "File": "character_hypertails.bmp", "Rect": "244,46,36,46", "Center": "20,17" },
	"character_hypertails_0x17":  { "File": "character_hypertails.bmp", "Rect": "295,50,33,43", "Center": "17,15" },
	"character_hypertails_0x18":  { "File": "character_hypertails.bmp", "Rect": "344,51,34,41", "Center": "16,14" },
	"character_hypertails_0x19":  { "File": "character_hypertails.bmp", "Rect": "388,56,46,37", "Center": "19,17" },
	"character_hypertails_0x1a":  { "File": "character_hypertails.bmp", "Rect": "434,52,47,47", "Center": "18,24" },
	"character_hypertails_0x1b":  { "File": "character_hypertails.bmp", "Rect": "481,56,48,37", "Center": "22,16" },
	"character_hypertails_0x1c":  { "File": "character_hypertails.bmp", "Rect": "530,52,42,40", "Center": "20,22" },
	"character_hypertails_0x1d":  { "File": "character_hypertails.bmp", "Rect": "580,56,46,38", "Center": "20,20" },
	"character_hypertails_0x1e":  { "File": "character_hypertails.bmp", "Rect": "626,52,46,44", "Center": "19,24" },
	"character_hypertails_0x1f":  { "File": "character_hypertails.bmp", "Rect": "673,56,45,36", "Center": "19,15" },
	"character_hypertails_0x20":  { "File": "character_hypertails.bmp", "Rect": "723,52,45,40", "Center": "19,20" },
	"character_hypertails_0x21":  { "File": "character_hypertails.bmp", "Rect": "0,103,49,33", "Center": "27,17" },
	"character_hypertails_0x22":  { "File": "character_hypertails.bmp", "Rect": "49,102,49,35", "Center": "29,20" },
	"character_hypertails_0x23":  { "File": "character_hypertails.bmp", "Rect": "98,103,47,33", "Center": "28,17" },
	"character_hypertails_0x24":  { "File": "character_hypertails.bmp", "Rect": "146,102,51,35", "Center": "31,20" },
	"character_hypertails_0x25":  { "File": "character_hypertails.bmp", "Rect": "197,92,43,48", "Center": "27,24" },
	"character_hypertails_0x26":  { "File": "character_hypertails.bmp", "Rect": "246,100,39,43", "Center": "25,25" },
	"character_hypertails_0x27":  { "File": "character_hypertails.bmp", "Rect": "294,99,33,43", "Center": "19,24" },
	"character_hypertails_0x28":  { "File": "character_hypertails.bmp", "Rect": "336,98,37,43", "Center": "23,24" },
	"character_hypertails_0x29":  { "File": "character_hypertails.bmp", "Rect": "392,95,32,46", "Center": "16,22" },
	"character_hypertails_0x2a":  { "File": "character_hypertails.bmp", "Rect": "440,101,34,43", "Center": "19,22" },
	"character_hypertails_0x2b":  { "File": "character_hypertails.bmp", "Rect": "488,100,32,42", "Center": "16,22" },
	"character_hypertails_0x2c":  { "File": "character_hypertails.bmp", "Rect": "536,99,32,44", "Center": "16,22" },
	"character_hypertails_0x2d":  { "File": "character_hypertails.bmp", "Rect": "573,99,45,40", "Center": "25,15" },
	"character_hypertails_0x2e":  { "File": "character_hypertails.bmp", "Rect": "631,102,45,40", "Center": "25,15" },
	"character_hypertails_0x2f":  { "File": "character_hypertails.bmp", "Rect": "677,102,43,34", "Center": "25,16" },
	"character_hypertails_0x30":  { "File": "character_hypertails.bmp", "Rect": "723,100,42,37", "Center": "25,15" },
	"character_hypertails_0x31":  { "File": "character_hypertails.bmp", "Rect": "3,149,34,35", "Center": "24,19" },
	"character_hypertails_0x32":  { "File": "character_hypertails.bmp", "Rect": "52,148,34,40", "Center": "23,22" },
	"character_hypertails_0x33":  { "File": "character_hypertails.bmp", "Rect": "100,152,31,35", "Center": "21,19" },
	"character_hypertails_0x34":  { "File": "character_hypertails.bmp", "Rect": "151,155,27,31", "Center": "17,9" },
	"character_hypertails_0x35":  { "File": "character_hypertails.bmp", "Rect": "195,151,33,33", "Center": "22,13" },
	"character_hypertails_0x36":  { "File": "character_hypertails.bmp", "Rect": "242,152,36,33", "Center": "24,18" },
	"character_hypertails_0x37":  { "File": "character_hypertails.bmp", "Rect": "290,152,35,35", "Center": "24,18" },
	"character_hypertails_0x38":  { "File": "character_hypertails.bmp", "Rect": "335,152,36,34", "Center": "24,19" },
	"character_hypertails_0x39":  { "File": "character_hypertails.bmp", "Rect": "387,152,31,34", "Center": "20,21" },
	"character_hypertails_0x3a":  { "File": "character_hypertails.bmp", "Rect": "442,150,26,29", "Center": "17,18" },
	"character_hypertails_0x3b":  { "File": "character_hypertails.bmp", "Rect": "487,150,29,34", "Center": "20,14" },
	"character_hypertails_0x3c":  { "File": "character_hypertails.bmp", "Rect": "527,151,35,33", "Center": "24,16" },
	"character_hypertails_0x3d":  { "File": "character_hypertails.bmp", "Rect": "584,152,31,33", "Center": "18,15" },
	"character_hypertails_0x3e":  { "File": "character_hypertails.bmp", "Rect": "635,152,27,36", "Center": "16,19" },
	"character_hypertails_0x3f":  { "File": "character_hypertails.bmp", "Rect": "684,156,24,24", "Center": "13,13" },
	"character_hypertails_0x40":  { "File": "character_hypertails.bmp", "Rect": "731,152,26,33", "Center": "16,18" },
	"character_hypertails_0x41":  { "File": "character_hypertails.bmp", "Rect": "8,200,28,33", "Center": "17,16" },
	"character_hypertails_0x42":  { "File": "character_hypertails.bmp", "Rect": "53,200,31,34", "Center": "19,15" },
	"character_hypertails_0x43":  { "File": "character_hypertails.bmp", "Rect": "99,200,31,33", "Center": "19,16" },
	"character_hypertails_0x44":  { "File": "character_hypertails.bmp", "Rect": "153,200,27,33", "Center": "16,20" },
	"character_hypertails_0x45":  { "File": "character_hypertails.bmp", "Rect": "204,203,24,23", "Center": "12,13" },
	"character_hypertails_0x46":  { "File": "character_hypertails.bmp", "Rect": "252,198,30,30", "Center": "19,16" },
	"character_hypertails_0x47":  { "File": "character_hypertails.bmp", "Rect": "290,199,33,32", "Center": "21,17" },
	"character_hypertails_0x48":  { "File": "character_hypertails.bmp", "Rect": "339,198,33,34", "Center": "22,17" },
	"character_hypertails_0x49":  { "File": "character_hypertails.bmp", "Rect": "386,198,42,32", "Center": "21,20" },
	"character_hypertails_0x4a":  { "File": "character_hypertails.bmp", "Rect": "433,201,40,29", "Center": "23,18" },
	"character_hypertails_0x4b":  { "File": "character_hypertails.bmp", "Rect": "486,204,36,27", "Center": "19,14" },
	"character_hypertails_0x4c":  { "File": "character_hypertails.bmp", "Rect": "540,196,24,34", "Center": "12,20" },
	"character_hypertails_0x4d":  { "File": "character_hypertails.bmp", "Rect": "586,196,26,36", "Center": "14,20" },
	"character_hypertails_0x4e":  { "File": "character_hypertails.bmp", "Rect": "631,196,32,41", "Center": "15,22" },
	"character_hypertails_0x4f":  { "File": "character_hypertails.bmp", "Rect": "676,192,32,45", "Center": "20,20" },
	"character_hypertails_0x50":  { "File": "character_hypertails.bmp", "Rect": "724,194,32,41", "Center": "18,22" },
	"character_hypertails_0x51":  { "File": "character_hypertails.bmp", "Rect": "9,246,28,35", "Center": "17,19" },
	"character_hypertails_0x52":  { "File": "character_hypertails.bmp", "Rect": "53,250,32,24", "Center": "19,14" },
	"character_hypertails_0x53":  { "File": "character_hypertails.bmp", "Rect": "102,243,36,32", "Center": "18,20" },
	"character_hypertails_0x54":  { "File": "character_hypertails.bmp", "Rect": "147,244,40,34", "Center": "21,21" },
	"character_hypertails_0x55":  { "File": "character_hypertails.bmp", "Rect": "192,247,38,34", "Center": "24,18" },
	"character_hypertails_0x56":  { "File": "character_hypertails.bmp", "Rect": "238,247,38,34", "Center": "27,18" },
	"character_hypertails_0x57":  { "File": "character_hypertails.bmp", "Rect": "287,247,35,34", "Center": "23,18" },
	"character_hypertails_0x58":  { "File": "character_hypertails.bmp", "Rect": "348,248,26,33", "Center": "14,17" },
	"character_hypertails_0x59":  { "File": "character_hypertails.bmp", "Rect": "396,247,38,34", "Center": "14,18" },
	"character_hypertails_0x5a":  { "File": "character_hypertails.bmp", "Rect": "442,247,27,34", "Center": "10,18" },
	"character_hypertails_0x5b":  { "File": "character_hypertails.bmp", "Rect": "491,249,26,33", "Center": "14,17" },
	"character_hypertails_0x5c":  { "File": "character_hypertails.bmp", "Rect": "528,252,48,24", "Center": "20,13" },
	"character_hypertails_0x5d":  { "File": "character_hypertails.bmp", "Rect": "584,249,41,28", "Center": "4,15" },
	"character_hypertails_0x5e":  { "File": "character_hypertails.bmp", "Rect": "628,252,40,24", "Center": "30,13" },
	"character_hypertails_0x5f":  { "File": "character_hypertails.bmp", "Rect": "672,251,48,27", "Center": "27,14" },
	"character_hypertails_0x60":  { "File": "character_hypertails.bmp", "Rect": "721,252,45,24", "Center": "23,12" },
	"character_hypertails_0x61":  { "File": "character_hypertails.bmp", "Rect": "8,300,39,25", "Center": "30,12" },
	"character_hypertails_0x62":  { "File": "character_hypertails.bmp", "Rect": "56,296,43,29", "Center": "19,16" },
	"character_hypertails_0x63":  { "File": "character_hypertails.bmp", "Rect": "108,288,24,48", "Center": "12,24" },
	"character_hypertails_0x64":  { "File": "character_hypertails.bmp", "Rect": "155,296,28,41", "Center": "14,15" },
	"character_hypertails_0x65":  { "File": "character_hypertails.bmp", "Rect": "204,292,24,40", "Center": "12,21" },
	"character_hypertails_0x66":  { "File": "character_hypertails.bmp", "Rect": "251,288,26,48", "Center": "14,24" },
	"character_hypertails_0x67":  { "File": "character_hypertails.bmp", "Rect": "300,283,24,45", "Center": "13,28" },
	"character_hypertails_0x68":  { "File": "character_hypertails.bmp", "Rect": "347,296,24,39", "Center": "14,16" },
	"character_hypertails_0x69":  { "File": "character_hypertails.bmp", "Rect": "384,296,39,33", "Center": "22,15" },
	"character_hypertails_0x6a":  { "File": "character_hypertails.bmp", "Rect": "437,294,33,33", "Center": "20,18" },
	"character_hypertails_0x6b":  { "File": "character_hypertails.bmp", "Rect": "493,294,26,35", "Center": "15,20" },
	"character_hypertails_0x6c":  { "File": "character_hypertails.bmp", "Rect": "296,347,33,35", "Center": "18,14" },
	"character_hypertails_0x6d":  { "File": "character_hypertails.bmp", "Rect": "533,300,35,37", "Center": "21,15" },
	"character_hypertails_0x6e":  { "File": "character_hypertails.bmp", "Rect": "582,300,33,32", "Center": "20,15" },
	"character_hypertails_0x6f":  { "File": "character_hypertails.bmp", "Rect": "631,299,32,30", "Center": "16,12" },
	"character_hypertails_0x70":  { "File": "character_hypertails.bmp", "Rect": "684,300,31,26", "Center": "12,11" },
	"character_hypertails_0x71":  { "File": "character_hypertails.bmp", "Rect": "728,300,34,29", "Center": "20,11" },
	"character_hypertails_0x72":  { "File": "character_hypertails.bmp", "Rect": "8,344,34,36", "Center": "18,14" },
	"character_hypertails_0x73":  { "File": "character_hypertails.bmp", "Rect": "56,346,36,35", "Center": "19,13" },
	"character_hypertails_0x74":  { "File": "character_hypertails.bmp", "Rect": "100,347,40,33", "Center": "18,12" },
	"character_hypertails_0x75":  { "File": "character_hypertails.bmp", "Rect": "149,348,32,31", "Center": "16,12" },
	"character_hypertails_0x76":  { "File": "character_hypertails.bmp", "Rect": "199,347,30,27", "Center": "21,12" },
	"character_hypertails_0x77":  { "File": "character_hypertails.bmp", "Rect": "245,347,32,36", "Center": "16,14" },
	"character_hypertails_0x78":  { "File": "character_hypertails.bmp", "Rect": "330,340,44,40", "Center": "28,26" },
	"character_hypertails_0x79":  { "File": "character_hypertails.bmp", "Rect": "385,340,41,49", "Center": "29,30" },
	"character_hypertails_0x7a":  { "File": "character_hypertails.bmp", "Rect": "436,344,40,46", "Center": "28,18" },
	"character_hypertails_0x7b":  { "File": "character_hypertails.bmp", "Rect": "484,340,49,44", "Center": "31,12" },
	"character_hypertails_0x7c":  { "File": "character_hypertails.bmp", "Rect": "536,340,46,40", "Center": "18,12" },
	"character_hypertails_0x7d":  { "File": "character_hypertails.bmp", "Rect": "582,331,42,46", "Center": "11,19" },
	"character_hypertails_0x7e":  { "File": "character_hypertails.bmp", "Rect": "628,330,40,44", "Center": "11,28" },
	"character_hypertails_0x7f":  { "File": "character_hypertails.bmp", "Rect": "668,337,46,41", "Center": "16,30" },
	"character_hypertails_0x80":  { "File": "character_hypertails.bmp", "Rect": "718,339,42,40", "Center": "27,25" },
	"character_hypertails_0x81":  { "File": "character_hypertails.bmp", "Rect": "0,384,40,48", "Center": "30,23" },
	"character_hypertails_0x82":  { "File": "character_hypertails.bmp", "Rect": "50,384,40,48", "Center": "28,23" },
	"character_hypertails_0x83":  { "File": "character_hypertails.bmp", "Rect": "96,386,40,42", "Center": "24,26" },
	"character_hypertails_0x84":  { "File": "character_hypertails.bmp", "Rect": "148,384,40,48", "Center": "26,23" },
	"character_hypertails_0x85":  { "File": "character_hypertails.bmp", "Rect": "194,384,38,48", "Center": "25,23" },
	"character_hypertails_0x86":  { "File": "character_hypertails.bmp", "Rect": "248,395,32,25", "Center": "8,9" },
	"character_hypertails_0x87":  { "File": "character_hypertails.bmp", "Rect": "296,394,32,26", "Center": "8,10" },
	"character_hypertails_0x88":  { "File": "character_hypertails.bmp", "Rect": "344,395,32,25", "Center": "8,9" },
	"character_hypertails_0x89":  { "File": "character_hypertails.bmp", "Rect": "387,390,37,34", "Center": "20,18" },
	"character_hypertails_0x8a":  { "File": "character_hypertails.bmp", "Rect": "437,390,36,34", "Center": "19,18" },
	"character_hypertails_0x8b":  { "File": "character_hypertails.bmp", "Rect": "490,384,32,50", "Center": "19,23" },
	"character_hypertails_0x8c":  { "File": "character_hypertails.bmp", "Rect": "533,384,40,49", "Center": "24,23" },
	"character_hypertails_0x8d":  { "File": "character_hypertails.bmp", "Rect": "581,391,35,44", "Center": "22,24" },
	"character_hypertails_0x8e":  { "File": "character_hypertails.bmp", "Rect": "674,391,36,35", "Center": "17,19" },
	"character_hypertails_0x8f":  { "File": "character_hypertails.bmp", "Rect": "536,628,32,40", "Center": "19,20" },
	"character_hypertails_0x90":  { "File": "character_hypertails.bmp", "Rect": "731,388,25,40", "Center": "12,24" },
	"character_hypertails_0x91":  { "File": "character_hypertails.bmp", "Rect": "7,439,32,33", "Center": "12,24" },
	"character_hypertails_0x92":  { "File": "character_hypertails.bmp", "Rect": "55,438,29,30", "Center": "12,25" },
	"character_hypertails_0x93":  { "File": "character_hypertails.bmp", "Rect": "107,442,24,27", "Center": "12,25" },
	"character_hypertails_0x94":  { "File": "character_hypertails.bmp", "Rect": "150,433,34,48", "Center": "17,24" },
	"character_hypertails_0x95":  { "File": "character_hypertails.bmp", "Rect": "203,434,25,48", "Center": "12,23" },
	"character_hypertails_0x96":  { "File": "character_hypertails.bmp", "Rect": "344,440,32,32", "Center": "16,16" },
	"character_hypertails_0x97":  { "File": "character_hypertails.bmp", "Rect": "296,440,32,32", "Center": "16,16" },
	"character_hypertails_0x98":  { "File": "character_hypertails.bmp", "Rect": "248,440,32,32", "Center": "16,16" },
	"character_hypertails_0x99":  { "File": "character_hypertails.bmp", "Rect": "392,442,33,28", "Center": "15,10" },
	"character_hypertails_0x9a":  { "File": "character_hypertails.bmp", "Rect": "426,439,43,33", "Center": "33,16" },
	"character_hypertails_0x9b":  { "File": "character_hypertails.bmp", "Rect": "470,435,45,40", "Center": "30,20" },
	"character_hypertails_0x9c":  { "File": "character_hypertails.bmp", "Rect": "535,436,37,38", "Center": "16,20" },
	"character_hypertails_0x9d":  { "File": "character_hypertails.bmp", "Rect": "576,440,52,32", "Center": "26,18" },
	"character_hypertails_0x9e":  { "File": "character_hypertails.bmp", "Rect": "628,440,54,32", "Center": "26,18" },
	"character_hypertails_0x9f":  { "File": "character_hypertails.bmp", "Rect": "681,433,43,39", "Center": "25,22" },
	"character_hypertails_0xa0":  { "File": "character_hypertails.bmp", "Rect": "724,440,36,37", "Center": "23,19" },
	"character_hypertails_0xa1":  { "File": "character_hypertails.bmp", "Rect": "5,487,32,35", "Center": "21,19" },
	"character_hypertails_0xa2":  { "File": "character_hypertails.bmp", "Rect": "51,486,37,36", "Center": "24,20" },
	"character_hypertails_0xa3":  { "File": "character_hypertails.bmp", "Rect": "104,486,32,36", "Center": "17,18" },
	"character_hypertails_0xa4":  { "File": "character_hypertails.bmp", "Rect": "152,486,32,36", "Center": "17,18" },
	"character_hypertails_0xa5":  { "File": "character_hypertails.bmp", "Rect": "196,486,35,34", "Center": "22,18" },
	"character_hypertails_0xa6":  { "File": "character_hypertails.bmp", "Rect": "244,484,40,40", "Center": "27,24" },
	"character_hypertails_0xa7":  { "File": "character_hypertails.bmp", "Rect": "296,484,32,53", "Center": "14,19" },
	"character_hypertails_0xa8":  { "File": "character_hypertails.bmp", "Rect": "344,484,32,55", "Center": "14,19" },
	"character_hypertails_0xa9":  { "File": "character_hypertails.bmp", "Rect": "392,487,32,33", "Center": "15,17" },
	"character_hypertails_0xaa":  { "File": "character_hypertails.bmp", "Rect": "444,487,24,33", "Center": "8,17" },
	"character_hypertails_0xab":  { "File": "character_hypertails.bmp", "Rect": "490,487,25,33", "Center": "11,17" },
	"character_hypertails_0xac":  { "File": "character_hypertails.bmp", "Rect": "537,487,27,33", "Center": "12,17" },
	"character_hypertails_0xad":  { "File": "character_hypertails.bmp", "Rect": "588,486,24,34", "Center": "13,18" },
	"character_hypertails_0xae":  { "File": "character_hypertails.bmp", "Rect": "636,486,24,34", "Center": "13,18" },
	"character_hypertails_0xaf":  { "File": "character_hypertails.bmp", "Rect": "684,486,24,34", "Center": "13,18" },
	"character_hypertails_0xb0":  { "File": "character_hypertails.bmp", "Rect": "730,486,25,34", "Center": "15,18" },
	"character_hypertails_0xb1":  { "File": "character_hypertails.bmp", "Rect": "12,534,24,34", "Center": "13,18" },
	"character_hypertails_0xb2":  { "File": "character_hypertails.bmp", "Rect": "60,535,24,33", "Center": "14,17" },
	"character_hypertails_0xb3":  { "File": "character_hypertails.bmp", "Rect": "108,535,24,33", "Center": "14,17" },
	"character_hypertails_0xb4":  { "File": "character_hypertails.bmp", "Rect": "156,535,24,33", "Center": "13,17" },
	"character_hypertails_0xb5":  { "File": "character_hypertails.bmp", "Rect": "191,540,48,29", "Center": "25,16" },
	"character_hypertails_0xb6":  { "File": "character_hypertails.bmp", "Rect": "242,540,42,24", "Center": "22,16" },
	"character_hypertails_0xb7":  { "File": "character_hypertails.bmp", "Rect": "292,540,38,24", "Center": "20,16" },
	"character_hypertails_0xb8":  { "File": "character_hypertails.bmp", "Rect": "340,540,42,24", "Center": "20,16" },
	"character_hypertails_0xb9":  { "File": "character_hypertails.bmp", "Rect": "384,540,49,24", "Center": "24,16" },
	"character_hypertails_0xba":  { "File": "character_hypertails.bmp", "Rect": "436,540,44,25", "Center": "20,16" },
	"character_hypertails_0xbb":  { "File": "character_hypertails.bmp", "Rect": "488,540,36,28", "Center": "16,16" },
	"character_hypertails_0xbc":  { "File": "character_hypertails.bmp", "Rect": "529,540,40,30", "Center": "23,16" },
	"character_hypertails_0xbd":  { "File": "character_hypertails.bmp", "Rect": "574,533,43,35", "Center": "28,17" },
	"character_hypertails_0xbe":  { "File": "character_hypertails.bmp", "Rect": "622,535,41,32", "Center": "26,15" },
	"character_hypertails_0xbf":  { "File": "character_hypertails.bmp", "Rect": "668,535,42,34", "Center": "26,15" },
	"character_hypertails_0xc0":  { "File": "character_hypertails.bmp", "Rect": "722,531,42,35", "Center": "24,19" },
	"character_hypertails_0xc1":  { "File": "character_hypertails.bmp", "Rect": "0,583,40,32", "Center": "23,15" },
	"character_hypertails_0xc2":  { "File": "character_hypertails.bmp", "Rect": "41,577,40,40", "Center": "21,26" },
	"character_hypertails_0xc3":  { "File": "character_hypertails.bmp", "Rect": "82,583,60,33", "Center": "38,17" },
	"character_hypertails_0xc4":  { "File": "character_hypertails.bmp", "Rect": "142,583,58,34", "Center": "36,17" },
	"character_hypertails_0xc5":  { "File": "character_hypertails.bmp", "Rect": "200,577,46,47", "Center": "28,23" },
	"character_hypertails_0xc6":  { "File": "character_hypertails.bmp", "Rect": "246,576,45,44", "Center": "27,22" },
	"character_hypertails_0xc7":  { "File": "character_hypertails.bmp", "Rect": "296,573,32,60", "Center": "16,24" },
	"character_hypertails_0xc8":  { "File": "character_hypertails.bmp", "Rect": "341,572,32,58", "Center": "15,24" },
	"character_hypertails_0xc9":  { "File": "character_hypertails.bmp", "Rect": "384,576,47,45", "Center": "24,16" },
	"character_hypertails_0xca":  { "File": "character_hypertails.bmp", "Rect": "432,574,45,45", "Center": "23,17" },
	"character_hypertails_0xcb":  { "File": "character_hypertails.bmp", "Rect": "483,582,37,34", "Center": "21,10" },
	"character_hypertails_0xcc":  { "File": "character_hypertails.bmp", "Rect": "533,581,36,34", "Center": "20,10" },
	"character_hypertails_0xcd":  { "File": "character_hypertails.bmp", "Rect": "580,578,40,38", "Center": "21,25" },
	"character_hypertails_0xce":  { "File": "character_hypertails.bmp", "Rect": "628,577,40,39", "Center": "21,26" },
	"character_hypertails_0xcf":  { "File": "character_hypertails.bmp", "Rect": "684,576,26,44", "Center": "12,30" },
	"character_hypertails_0xd0":  { "File": "character_hypertails.bmp", "Rect": "732,576,30,44", "Center": "12,30" },
	"character_hypertails_0xd1":  { "File": "character_hypertails.bmp", "Rect": "6,629,32,32", "Center": "17,16" },
	"character_hypertails_0xd2":  { "File": "character_hypertails.bmp", "Rect": "40,632,43,35", "Center": "30,16" },
	"character_hypertails_0xd3":  { "File": "character_hypertails.bmp", "Rect": "104,628,24,40", "Center": "13,21" },
	"character_hypertails_0xd4":  { "File": "character_hypertails.bmp", "Rect": "154,628,32,40", "Center": "16,20" },
	"character_hypertails_0xd5":  { "File": "character_hypertails.bmp", "Rect": "201,631,26,34", "Center": "14,18" },
	"character_hypertails_0xd6":  { "File": "character_hypertails.bmp", "Rect": "251,631,25,34", "Center": "13,18" },
	"character_hypertails_0xd7":  { "File": "character_hypertails.bmp", "Rect": "297,635,32,32", "Center": "16,12" },
	"character_hypertails_0xd8":  { "File": "character_hypertails.bmp", "Rect": "345,635,32,32", "Center": "16,12" },
	"character_hypertails_0xd9":  { "File": "character_hypertails.bmp", "Rect": "392,628,32,40", "Center": "17,21" },
	"character_hypertails_0xda":  { "File": "character_hypertails.bmp", "Rect": "440,628,32,40", "Center": "16,21" },
	"character_hypertails_0xdb":  { "File": "character_hypertails.bmp", "Rect": "488,628,32,36", "Center": "16,20" },
	"character_hypertails_0xdc":  { "File": "character_hypertails.bmp", "Rect": "634,390,33,35", "Center": "13,20" },
	"character_hypertails_0xdd":  { "File": "character_hypertails.bmp", "Rect": "584,626,38,39", "Center": "17,21" },
	"character_hypertails_0xde":  { "File": "character_hypertails.bmp", "Rect": "632,628,32,40", "Center": "16,20" },
	"character_hypertails_0xdf":  { "File": "character_hypertails.bmp", "Rect": "676,628,36,40", "Center": "25,24" },
	"character_hypertails_0xe0":  { "File": "character_hypertails.bmp", "Rect": "724,632,30,32", "Center": "19,18" },
	"character_hypertails_0xe1":  { "File": "character_hypertails.bmp", "Rect": "12,676,30,40", "Center": "9,20" },
	"character_hypertails_0xe2":  { "File": "character_hypertails.bmp", "Rect": "60,676,31,40", "Center": "13,21" },
	"character_hypertails_0xe3":  { "File": "character_hypertails.bmp", "Rect": "102,675,37,38", "Center": "19,25" },
	"character_hypertails_0xe4":  { "File": "character_hypertails.bmp", "Rect": "148,676,37,40", "Center": "22,20" },
	"character_hypertails_0xe5":  { "File": "character_hypertails.bmp", "Rect": "187,676,45,40", "Center": "25,20" },
	"character_hypertails_0xe6":  { "File": "character_hypertails.bmp", "Rect": "244,676,33,40", "Center": "20,20" },
	"character_hypertails_0xe7":  { "File": "character_hypertails.bmp", "Rect": "299,676,26,40", "Center": "12,20" },
	"character_hypertails_0xe8":  { "File": "character_hypertails.bmp", "Rect": "348,676,34,40", "Center": "12,20" },
	"character_hypertails_0xe9":  { "File": "character_hypertails.bmp", "Rect": "396,676,29,40", "Center": "14,20" },
	"character_hypertails_0xea":  { "File": "character_hypertails.bmp", "Rect": "444,676,26,40", "Center": "12,20" },
	"character_hypertails_0xeb":  { "File": "character_hypertails.bmp", "Rect": "489,684,30,27", "Center": "17,6" },
	"character_hypertails_0xec":  { "File": "character_hypertails.bmp", "Rect": "532,673,36,43", "Center": "17,24" },
	"character_hypertails_0xed":  { "File": "character_hypertails.bmp", "Rect": "580,673,36,43", "Center": "17,24" },
	"character_hypertails_0xee":  { "File": "character_hypertails.bmp", "Rect": "628,673,36,43", "Center": "17,24" },
	"character_hypertails_0xef":  { "File": "character_hypertails.bmp", "Rect": "673,680,44,32", "Center": "22,20" },
	"character_hypertails_0xf0":  { "File": "character_hypertails.bmp", "Rect": "720,684,48,32", "Center": "26,16" },
	"character_hypertails_0xf1":  { "File": "character_hypertails.bmp", "Rect": "7,728,43,33", "Center": "22,20" },
	"character_hypertails_0xf2":  { "File": "character_hypertails.bmp", "Rect": "56,728,31,33", "Center": "11,19" },
	"character_hypertails_0xf3":  { "File": "character_hypertails.bmp", "Rect": "97,728,42,33", "Center": "14,19" },
	"character_hypertails_0xf4":  { "File": "character_hypertails.bmp", "Rect": "145,730,50,32", "Center": "18,16" },
	"character_hypertails_0xf5":  { "File": "character_hypertails.bmp", "Rect": "200,728,45,32", "Center": "15,18" },
	"character_hypertails_0xf6":  { "File": "character_hypertails.bmp", "Rect": "247,727,39,32", "Center": "12,19" },
	"character_hypertails_0xf7":  { "File": "character_hypertails.bmp", "Rect": "302,727,38,32", "Center": "15,18" },
	"character_hypertails_0xf8":  { "File": "character_hypertails.bmp", "Rect": "365,728,32,32", "Center": "10,17" },
	"character_hypertails_0xf9":  { "File": "character_hypertails.bmp", "Rect": "411,727,33,32", "Center": "16,17" },
	"character_hypertails_0xfa":  { "File": "character_hypertails.bmp", "Rect": "468,727,35,32", "Center": "17,18" }
}